url,object_type,object_id,title,slug,status,canonical,indexable,sitemap_source,notes
https://www.braveheartspublishing.com/blog,page,,"Bridge Books, Reading Tips & Kids Adventure Books | Brave Hearts Publishing Blog — Brave Hearts Publishing",blog,published,https://www.braveheartspublishing.com/blog,yes,https://www.braveheartspublishing.com/sitemap.xml,Squarespace sitemap inventory
https://www.braveheartspublishing.com/blog/science-books-for-kids-that-feel-like-adventures,post,,Best Science Books for Kids That Feel Like Real Adventures — Brave Hearts Publishing,science-books-for-kids-that-feel-like-adventures,published,https://www.braveheartspublishing.com/blog/science-books-for-kids-that-feel-like-adventures,yes,https://www.braveheartspublishing.com/sitemap.xml,Squarespace sitemap inventory
https://www.braveheartspublishing.com/blog/dog-man-to-magic-tree-house-reading-roadmap,post,,From Dog Man to Magic Tree House: The Reading Roadmap — Brave Hearts Publishing,dog-man-to-magic-tree-house-reading-roadmap,published,https://www.braveheartspublishing.com/blog/dog-man-to-magic-tree-house-reading-roadmap,yes,https://www.braveheartspublishing.com/sitemap.xml,Squarespace sitemap inventory
https://www.braveheartspublishing.com/blog/kirkus-review-adventures-of-charlotte-and-henry,post,,Adventures of Charlotte & Henry Gets a Kirkus GET IT Review — Brave Hearts Publishing,kirkus-review-adventures-of-charlotte-and-henry,published,https://www.braveheartspublishing.com/blog/kirkus-review-adventures-of-charlotte-and-henry,yes,https://www.braveheartspublishing.com/sitemap.xml,Squarespace sitemap inventory
https://www.braveheartspublishing.com/blog/what-to-read-after-dog-man,post,,What to Read After Dog Man: Bridge Books for Kids — Brave Hearts Publishing,what-to-read-after-dog-man,published,https://www.braveheartspublishing.com/blog/what-to-read-after-dog-man,yes,https://www.braveheartspublishing.com/sitemap.xml,Squarespace sitemap inventory
https://www.braveheartspublishing.com/blog/best-books-for-7-year-olds,post,,Best Books for 7 Year Olds That Turn Kids Into Readers — Brave Hearts Publishing,best-books-for-7-year-olds,published,https://www.braveheartspublishing.com/blog/best-books-for-7-year-olds,yes,https://www.braveheartspublishing.com/sitemap.xml,Squarespace sitemap inventory
https://www.braveheartspublishing.com/blog/best-summer-reading-books-for-kids-ages-6-9,post,,Best Summer Reading Books for Kids Ages 6–9 — Brave Hearts Publishing,best-summer-reading-books-for-kids-ages-6-9,published,https://www.braveheartspublishing.com/blog/best-summer-reading-books-for-kids-ages-6-9,yes,https://www.braveheartspublishing.com/sitemap.xml,Squarespace sitemap inventory
https://www.braveheartspublishing.com/blog/books-like-magic-tree-house,post,,8 Books Like Magic Tree House Your Kids Will Love Just as Much Page — Brave Hearts Publishing,books-like-magic-tree-house,published,https://www.braveheartspublishing.com/blog/books-like-magic-tree-house,yes,https://www.braveheartspublishing.com/sitemap.xml,Squarespace sitemap inventory
https://www.braveheartspublishing.com/blog/gap-between-picture-books-and-chapter-books,post,,The Gap Between Picture Books and Chapter Books Is Real — Here's What Goes There — Brave Hearts Publishing,gap-between-picture-books-and-chapter-books,published,https://www.braveheartspublishing.com/blog/gap-between-picture-books-and-chapter-books,yes,https://www.braveheartspublishing.com/sitemap.xml,Squarespace sitemap inventory
https://www.braveheartspublishing.com/blog/why-i-wrote-this-book,post,,Charlotte Is Real. Henry Is Real. And This Is Why I Wrote Them a Book. — Brave Hearts Publishing,why-i-wrote-this-book,published,https://www.braveheartspublishing.com/blog/why-i-wrote-this-book,yes,https://www.braveheartspublishing.com/sitemap.xml,Squarespace sitemap inventory
https://www.braveheartspublishing.com/blog/finding-right-books-with-lexile-score,post,,I Spent Two Years Picking the Wrong Books. One Number Changed That. — Brave Hearts Publishing,finding-right-books-with-lexile-score,published,https://www.braveheartspublishing.com/blog/finding-right-books-with-lexile-score,yes,https://www.braveheartspublishing.com/sitemap.xml,Squarespace sitemap inventory
https://www.braveheartspublishing.com/blog/mount-everest-facts-for-kids,post,,10 Mount Everest Facts for Kids That Will Make Their Jaw Drop | Ages 6–9 — Brave Hearts Publishing,mount-everest-facts-for-kids,published,https://www.braveheartspublishing.com/blog/mount-everest-facts-for-kids,yes,https://www.braveheartspublishing.com/sitemap.xml,Squarespace sitemap inventory
https://www.braveheartspublishing.com/blog/bridge-books-for-struggling-readers,post,,Bridge Books for Struggling Readers: A Complete Parent Guide | Brave Hearts Publishing — Brave Hearts Publishing,bridge-books-for-struggling-readers,published,https://www.braveheartspublishing.com/blog/bridge-books-for-struggling-readers,yes,https://www.braveheartspublishing.com/sitemap.xml,Squarespace sitemap inventory
https://www.braveheartspublishing.com/blog/my-child-hates-reading-what-to-do,post,,My Child Hates Reading: What Actually Works | Brave Hearts Publishing — Brave Hearts Publishing,my-child-hates-reading-what-to-do,published,https://www.braveheartspublishing.com/blog/my-child-hates-reading-what-to-do,yes,https://www.braveheartspublishing.com/sitemap.xml,Squarespace sitemap inventory
https://www.braveheartspublishing.com/blog/how-to-pick-a-read-aloud-book,post,,How to Pick a Read-Aloud Book That Keeps a Whole Class Listening — Brave Hearts Publishing,how-to-pick-a-read-aloud-book,published,https://www.braveheartspublishing.com/blog/how-to-pick-a-read-aloud-book,yes,https://www.braveheartspublishing.com/sitemap.xml,Squarespace sitemap inventory
https://www.braveheartspublishing.com/blog/reading-level-by-grade-chart,post,,Reading Level Chart by Grade: What Level Should My Child Be At? — Brave Hearts Publishing,reading-level-by-grade-chart,published,https://www.braveheartspublishing.com/blog/reading-level-by-grade-chart,yes,https://www.braveheartspublishing.com/sitemap.xml,Squarespace sitemap inventory
https://www.braveheartspublishing.com/blog/what-is-the-mariana-trench-for-kids,post,,What Is the Mariana Trench? Everything Kids (and Parents) Need to Know — Brave Hearts Publishing,what-is-the-mariana-trench-for-kids,published,https://www.braveheartspublishing.com/blog/what-is-the-mariana-trench-for-kids,yes,https://www.braveheartspublishing.com/sitemap.xml,Squarespace sitemap inventory
https://www.braveheartspublishing.com/blog/best-read-aloud-books-for-classroom-grades-1-3,post,,Best Read Aloud Books for Elementary Classrooms — Grades 1–3 — Brave Hearts Publishing,best-read-aloud-books-for-classroom-grades-1-3,published,https://www.braveheartspublishing.com/blog/best-read-aloud-books-for-classroom-grades-1-3,yes,https://www.braveheartspublishing.com/sitemap.xml,Squarespace sitemap inventory
https://www.braveheartspublishing.com/blog/my-child-got-a-lexile-score-now-what,post,,My Child Got a Lexile Score — Now What? A Parent's Action Guide — Brave Hearts Publishing,my-child-got-a-lexile-score-now-what,published,https://www.braveheartspublishing.com/blog/my-child-got-a-lexile-score-now-what,yes,https://www.braveheartspublishing.com/sitemap.xml,Squarespace sitemap inventory
https://www.braveheartspublishing.com/blog/teacher-appreciation-week-thank-you,post,,Thank You Teachers — Happy Teacher Appreciation Week | Brave Hearts — Brave Hearts Publishing,teacher-appreciation-week-thank-you,published,https://www.braveheartspublishing.com/blog/teacher-appreciation-week-thank-you,yes,https://www.braveheartspublishing.com/sitemap.xml,Squarespace sitemap inventory
https://www.braveheartspublishing.com/blog/what-is-a-lexile-score,post,,What Is a Lexile Score? A Parent's Guide to Reading Levels | Brave Hearts Publishing — Brave Hearts Publishing,what-is-a-lexile-score,published,https://www.braveheartspublishing.com/blog/what-is-a-lexile-score,yes,https://www.braveheartspublishing.com/sitemap.xml,Squarespace sitemap inventory
https://www.braveheartspublishing.com/blog/top-bridge-books-for-kids,post,,Best Bridge Books for Kids (Ages 6-9) — Top Picks for Growing Readers — Brave Hearts Publishing,top-bridge-books-for-kids,published,https://www.braveheartspublishing.com/blog/top-bridge-books-for-kids,yes,https://www.braveheartspublishing.com/sitemap.xml,Squarespace sitemap inventory
https://www.braveheartspublishing.com/blog/bridge-books-for-kids,post,,The Complete Guide to Bridge Books for Kids — What They Are & Why They Work — Brave Hearts Publishing,bridge-books-for-kids,published,https://www.braveheartspublishing.com/blog/bridge-books-for-kids,yes,https://www.braveheartspublishing.com/sitemap.xml,Squarespace sitemap inventory
https://www.braveheartspublishing.com/blog/best-ocean-books-for-kids-ages-6-9,post,,Best Books About the Ocean for Kids Ages 6-9 | Brave Hearts Publishing — Brave Hearts Publishing,best-ocean-books-for-kids-ages-6-9,published,https://www.braveheartspublishing.com/blog/best-ocean-books-for-kids-ages-6-9,yes,https://www.braveheartspublishing.com/sitemap.xml,Squarespace sitemap inventory
https://www.braveheartspublishing.com/blog/mariana-trench-facts-for-kids,post,,Mariana Trench Facts for Kids — The Deepest Place on Earth | Brave Hearts Publishing — Brave Hearts Publishing,mariana-trench-facts-for-kids,published,https://www.braveheartspublishing.com/blog/mariana-trench-facts-for-kids,yes,https://www.braveheartspublishing.com/sitemap.xml,Squarespace sitemap inventory
https://www.braveheartspublishing.com/blog/what-are-bridge-books-guide-for-parents-and-teachers,post,,My Kid Hates Long Books. Bridge Books Fixed That. | Brave Hearts Publishing — Brave Hearts Publishing,what-are-bridge-books-guide-for-parents-and-teachers,published,https://www.braveheartspublishing.com/blog/what-are-bridge-books-guide-for-parents-and-teachers,yes,https://www.braveheartspublishing.com/sitemap.xml,Squarespace sitemap inventory
https://www.braveheartspublishing.com/blog/bridge-books-for-early-readers,post,,How to Help Your Child Transition from Picture Books to Chapter Books (Bridge Books Guide) — Brave Hearts Publishing,bridge-books-for-early-readers,published,https://www.braveheartspublishing.com/blog/bridge-books-for-early-readers,yes,https://www.braveheartspublishing.com/sitemap.xml,Squarespace sitemap inventory
https://www.braveheartspublishing.com/blog/bridge-books-for-kids-mount-everest,post,,Best Bridge Books for Kids + New Mount Everest Adventure — Brave Hearts Publishing,bridge-books-for-kids-mount-everest,published,https://www.braveheartspublishing.com/blog/bridge-books-for-kids-mount-everest,yes,https://www.braveheartspublishing.com/sitemap.xml,Squarespace sitemap inventory
https://www.braveheartspublishing.com/blog/best-early-chapter-books-for-6-year-olds,post,,Best Early Chapter Books for 6 Year Olds (Easy & Engaging Picks for New Readers) — Brave Hearts Publishing,best-early-chapter-books-for-6-year-olds,published,https://www.braveheartspublishing.com/blog/best-early-chapter-books-for-6-year-olds,yes,https://www.braveheartspublishing.com/sitemap.xml,Squarespace sitemap inventory
https://www.braveheartspublishing.com/blog/free-teachers-guide-mariana-trench,post,,Free Teacher's Guide for Adventures of Charlotte and Henry: The Mariana Trench — Brave Hearts Publishing,free-teachers-guide-mariana-trench,published,https://www.braveheartspublishing.com/blog/free-teachers-guide-mariana-trench,yes,https://www.braveheartspublishing.com/sitemap.xml,Squarespace sitemap inventory
https://www.braveheartspublishing.com/blog/first-real-chapter-book-for-kids,post,,Best First Chapter Books for Kids Ready to Move Beyond Early Readers — Brave Hearts Publishing,first-real-chapter-book-for-kids,published,https://www.braveheartspublishing.com/blog/first-real-chapter-book-for-kids,yes,https://www.braveheartspublishing.com/sitemap.xml,Squarespace sitemap inventory
https://www.braveheartspublishing.com/blog/best-bridge-books-for-kids,post,,Best Bridge Books for Kids (The Perfect First Chapter Books for Emerging Readers) — Brave Hearts Publishing,best-bridge-books-for-kids,published,https://www.braveheartspublishing.com/blog/best-bridge-books-for-kids,yes,https://www.braveheartspublishing.com/sitemap.xml,Squarespace sitemap inventory
https://images.squarespace-cdn.com/content/v1/69a4852e7db0bc7e34bc3354/3e53f823-cbcb-4d24-a614-330be2720b3a/Call+out+-+600+px_upscayl_3x_upscayl-standard-4x.png,page,,,Call+out+-+600+px_upscayl_3x_upscayl-standard-4x.png,published,,yes,https://www.braveheartspublishing.com/sitemap.xml,Squarespace sitemap inventory
https://www.braveheartspublishing.com/blog/how-deep-is-the-mariana-trench-for-kids,post,,How Deep Is the Mariana Trench? Mariana Trench Facts for Kids — Brave Hearts Publishing,how-deep-is-the-mariana-trench-for-kids,published,https://www.braveheartspublishing.com/blog/how-deep-is-the-mariana-trench-for-kids,yes,https://www.braveheartspublishing.com/sitemap.xml,Squarespace sitemap inventory
https://www.braveheartspublishing.com/blog/adventure-books-for-kids-ages-6-9,post,,Why Adventure Books for Kids (Ages 6–9) Build Confidence and Curiosity — Brave Hearts Publishing,adventure-books-for-kids-ages-6-9,published,https://www.braveheartspublishing.com/blog/adventure-books-for-kids-ages-6-9,yes,https://www.braveheartspublishing.com/sitemap.xml,Squarespace sitemap inventory
https://www.braveheartspublishing.com/blog/how-stories-build-resilience-in-children,post,,How Stories Help Children Build Resilience and Courage (Ages 6–9) — Brave Hearts Publishing,how-stories-build-resilience-in-children,published,https://www.braveheartspublishing.com/blog/how-stories-build-resilience-in-children,yes,https://www.braveheartspublishing.com/sitemap.xml,Squarespace sitemap inventory
https://www.braveheartspublishing.com/blog/why-stem-storytelling-builds-braver-kids,post,,"Why STEM Storytelling Builds Braver, More Curious Kids (Ages 6–9) — Brave Hearts Publishing",why-stem-storytelling-builds-braver-kids,published,https://www.braveheartspublishing.com/blog/why-stem-storytelling-builds-braver-kids,yes,https://www.braveheartspublishing.com/sitemap.xml,Squarespace sitemap inventory
https://www.braveheartspublishing.com/blog/category/Reluctant+Readers,post,,"Reluctant Readers — Bridge Books, Reading Tips & Kids Adventure Books | Brave Hearts Publishing Blog — Brave Hearts Publishing",Reluctant+Readers,published,https://www.braveheartspublishing.com/blog/category/Reluctant+Readers,yes,https://www.braveheartspublishing.com/sitemap.xml,Squarespace sitemap inventory
https://www.braveheartspublishing.com/blog/category/science+for+kids,post,,"science for kids — Bridge Books, Reading Tips & Kids Adventure Books | Brave Hearts Publishing Blog — Brave Hearts Publishing",science+for+kids,published,https://www.braveheartspublishing.com/blog/category/science+for+kids,yes,https://www.braveheartspublishing.com/sitemap.xml,Squarespace sitemap inventory
https://www.braveheartspublishing.com/blog/category/Early+Readers,post,,"Early Readers — Bridge Books, Reading Tips & Kids Adventure Books | Brave Hearts Publishing Blog — Brave Hearts Publishing",Early+Readers,published,https://www.braveheartspublishing.com/blog/category/Early+Readers,yes,https://www.braveheartspublishing.com/sitemap.xml,Squarespace sitemap inventory
https://www.braveheartspublishing.com/blog/category/Reading+Tips+for+Parents,post,,"Reading Tips for Parents — Bridge Books, Reading Tips & Kids Adventure Books | Brave Hearts Publishing Blog — Brave Hearts Publishing",Reading+Tips+for+Parents,published,https://www.braveheartspublishing.com/blog/category/Reading+Tips+for+Parents,yes,https://www.braveheartspublishing.com/sitemap.xml,Squarespace sitemap inventory
https://www.braveheartspublishing.com/blog/category/Adventure+Book+Recommendations,post,,"Adventure Book Recommendations — Bridge Books, Reading Tips & Kids Adventure Books | Brave Hearts Publishing Blog — Brave Hearts Publishing",Adventure+Book+Recommendations,published,https://www.braveheartspublishing.com/blog/category/Adventure+Book+Recommendations,yes,https://www.braveheartspublishing.com/sitemap.xml,Squarespace sitemap inventory
https://www.braveheartspublishing.com/blog/category/Ocean+Science,post,,"Ocean Science — Bridge Books, Reading Tips & Kids Adventure Books | Brave Hearts Publishing Blog — Brave Hearts Publishing",Ocean+Science,published,https://www.braveheartspublishing.com/blog/category/Ocean+Science,yes,https://www.braveheartspublishing.com/sitemap.xml,Squarespace sitemap inventory
https://www.braveheartspublishing.com/blog/category/Bridge+Books,post,,"Bridge Books — Bridge Books, Reading Tips & Kids Adventure Books | Brave Hearts Publishing Blog — Brave Hearts Publishing",Bridge+Books,published,https://www.braveheartspublishing.com/blog/category/Bridge+Books,yes,https://www.braveheartspublishing.com/sitemap.xml,Squarespace sitemap inventory
https://www.braveheartspublishing.com/blog/category/Author+Life,post,,"Author Life — Bridge Books, Reading Tips & Kids Adventure Books | Brave Hearts Publishing Blog — Brave Hearts Publishing",Author+Life,published,https://www.braveheartspublishing.com/blog/category/Author+Life,yes,https://www.braveheartspublishing.com/sitemap.xml,Squarespace sitemap inventory
https://www.braveheartspublishing.com/blog/category/The+Mariana+Trench,post,,"The Mariana Trench — Bridge Books, Reading Tips & Kids Adventure Books | Brave Hearts Publishing Blog — Brave Hearts Publishing",The+Mariana+Trench,published,https://www.braveheartspublishing.com/blog/category/The+Mariana+Trench,yes,https://www.braveheartspublishing.com/sitemap.xml,Squarespace sitemap inventory
https://www.braveheartspublishing.com/blog/category/Reading+Development,post,,"Reading Development — Bridge Books, Reading Tips & Kids Adventure Books | Brave Hearts Publishing Blog — Brave Hearts Publishing",Reading+Development,published,https://www.braveheartspublishing.com/blog/category/Reading+Development,yes,https://www.braveheartspublishing.com/sitemap.xml,Squarespace sitemap inventory
https://www.braveheartspublishing.com/blog/category/Reading+Lists,post,,"Reading Lists — Bridge Books, Reading Tips & Kids Adventure Books | Brave Hearts Publishing Blog — Brave Hearts Publishing",Reading+Lists,published,https://www.braveheartspublishing.com/blog/category/Reading+Lists,yes,https://www.braveheartspublishing.com/sitemap.xml,Squarespace sitemap inventory
https://www.braveheartspublishing.com/blog/category/Read+alouds,post,,"Read alouds — Bridge Books, Reading Tips & Kids Adventure Books | Brave Hearts Publishing Blog — Brave Hearts Publishing",Read+alouds,published,https://www.braveheartspublishing.com/blog/category/Read+alouds,yes,https://www.braveheartspublishing.com/sitemap.xml,Squarespace sitemap inventory
https://www.braveheartspublishing.com/blog/category/Age-Specific+Reading+Lists,post,,"Age-Specific Reading Lists — Bridge Books, Reading Tips & Kids Adventure Books | Brave Hearts Publishing Blog — Brave Hearts Publishing",Age-Specific+Reading+Lists,published,https://www.braveheartspublishing.com/blog/category/Age-Specific+Reading+Lists,yes,https://www.braveheartspublishing.com/sitemap.xml,Squarespace sitemap inventory
https://www.braveheartspublishing.com/blog/category/Summer+Reading,post,,"Summer Reading — Bridge Books, Reading Tips & Kids Adventure Books | Brave Hearts Publishing Blog — Brave Hearts Publishing",Summer+Reading,published,https://www.braveheartspublishing.com/blog/category/Summer+Reading,yes,https://www.braveheartspublishing.com/sitemap.xml,Squarespace sitemap inventory
https://www.braveheartspublishing.com/blog/category/Teacher+Resources,post,,"Teacher Resources — Bridge Books, Reading Tips & Kids Adventure Books | Brave Hearts Publishing Blog — Brave Hearts Publishing",Teacher+Resources,published,https://www.braveheartspublishing.com/blog/category/Teacher+Resources,yes,https://www.braveheartspublishing.com/sitemap.xml,Squarespace sitemap inventory
https://www.braveheartspublishing.com/blog/category/children%27s+books,post,,"children's books — Bridge Books, Reading Tips & Kids Adventure Books | Brave Hearts Publishing Blog — Brave Hearts Publishing",children%27s+books,published,https://www.braveheartspublishing.com/blog/category/children%27s+books,yes,https://www.braveheartspublishing.com/sitemap.xml,Squarespace sitemap inventory
https://www.braveheartspublishing.com/blog/category/Adventure,post,,"Adventure — Bridge Books, Reading Tips & Kids Adventure Books | Brave Hearts Publishing Blog — Brave Hearts Publishing",Adventure,published,https://www.braveheartspublishing.com/blog/category/Adventure,yes,https://www.braveheartspublishing.com/sitemap.xml,Squarespace sitemap inventory
https://www.braveheartspublishing.com/blog/category/Classroom+Resources,post,,"Classroom Resources — Bridge Books, Reading Tips & Kids Adventure Books | Brave Hearts Publishing Blog — Brave Hearts Publishing",Classroom+Resources,published,https://www.braveheartspublishing.com/blog/category/Classroom+Resources,yes,https://www.braveheartspublishing.com/sitemap.xml,Squarespace sitemap inventory
https://www.braveheartspublishing.com/blog/category/Reading+Tips,post,,"Reading Tips — Bridge Books, Reading Tips & Kids Adventure Books | Brave Hearts Publishing Blog — Brave Hearts Publishing",Reading+Tips,published,https://www.braveheartspublishing.com/blog/category/Reading+Tips,yes,https://www.braveheartspublishing.com/sitemap.xml,Squarespace sitemap inventory
https://www.braveheartspublishing.com/blog/category/Book+recommendations,post,,"Book recommendations — Bridge Books, Reading Tips & Kids Adventure Books | Brave Hearts Publishing Blog — Brave Hearts Publishing",Book+recommendations,published,https://www.braveheartspublishing.com/blog/category/Book+recommendations,yes,https://www.braveheartspublishing.com/sitemap.xml,Squarespace sitemap inventory
https://www.braveheartspublishing.com/blog/category/STEM,post,,"STEM — Bridge Books, Reading Tips & Kids Adventure Books | Brave Hearts Publishing Blog — Brave Hearts Publishing",STEM,published,https://www.braveheartspublishing.com/blog/category/STEM,yes,https://www.braveheartspublishing.com/sitemap.xml,Squarespace sitemap inventory
https://www.braveheartspublishing.com/blog/category/Reading+Levels+%26+Lexile,post,,"Reading Levels & Lexile — Bridge Books, Reading Tips & Kids Adventure Books | Brave Hearts Publishing Blog — Brave Hearts Publishing",Reading+Levels+%26+Lexile,published,https://www.braveheartspublishing.com/blog/category/Reading+Levels+%26+Lexile,yes,https://www.braveheartspublishing.com/sitemap.xml,Squarespace sitemap inventory
https://www.braveheartspublishing.com/blog/category/Reading+Help+for+Parents,post,,"Reading Help for Parents — Bridge Books, Reading Tips & Kids Adventure Books | Brave Hearts Publishing Blog — Brave Hearts Publishing",Reading+Help+for+Parents,published,https://www.braveheartspublishing.com/blog/category/Reading+Help+for+Parents,yes,https://www.braveheartspublishing.com/sitemap.xml,Squarespace sitemap inventory
https://www.braveheartspublishing.com/blog/category/Book+News,post,,"Book News — Bridge Books, Reading Tips & Kids Adventure Books | Brave Hearts Publishing Blog — Brave Hearts Publishing",Book+News,published,https://www.braveheartspublishing.com/blog/category/Book+News,yes,https://www.braveheartspublishing.com/sitemap.xml,Squarespace sitemap inventory
https://www.braveheartspublishing.com/blog/category/Books+for+Kids,post,,"Books for Kids — Bridge Books, Reading Tips & Kids Adventure Books | Brave Hearts Publishing Blog — Brave Hearts Publishing",Books+for+Kids,published,https://www.braveheartspublishing.com/blog/category/Books+for+Kids,yes,https://www.braveheartspublishing.com/sitemap.xml,Squarespace sitemap inventory
https://www.braveheartspublishing.com/blog/category/Ages+6-9,post,,"Ages 6-9 — Bridge Books, Reading Tips & Kids Adventure Books | Brave Hearts Publishing Blog — Brave Hearts Publishing",Ages+6-9,published,https://www.braveheartspublishing.com/blog/category/Ages+6-9,yes,https://www.braveheartspublishing.com/sitemap.xml,Squarespace sitemap inventory
https://www.braveheartspublishing.com/blog/tag/Read+aloud+books,post,,"Read aloud books — Bridge Books, Reading Tips & Kids Adventure Books | Brave Hearts Publishing Blog — Brave Hearts Publishing",Read+aloud+books,published,https://www.braveheartspublishing.com/blog/tag/Read+aloud+books,yes,https://www.braveheartspublishing.com/sitemap.xml,Squarespace sitemap inventory
https://www.braveheartspublishing.com/blog/tag/early+readers+ages+6-9,post,,"early readers ages 6-9 — Bridge Books, Reading Tips & Kids Adventure Books | Brave Hearts Publishing Blog — Brave Hearts Publishing",early+readers+ages+6-9,published,https://www.braveheartspublishing.com/blog/tag/early+readers+ages+6-9,yes,https://www.braveheartspublishing.com/sitemap.xml,Squarespace sitemap inventory
https://www.braveheartspublishing.com/blog/tag/Deep+sea,post,,"Deep sea — Bridge Books, Reading Tips & Kids Adventure Books | Brave Hearts Publishing Blog — Brave Hearts Publishing",Deep+sea,published,https://www.braveheartspublishing.com/blog/tag/Deep+sea,yes,https://www.braveheartspublishing.com/sitemap.xml,Squarespace sitemap inventory
https://www.braveheartspublishing.com/blog/tag/marine+science,post,,"marine science — Bridge Books, Reading Tips & Kids Adventure Books | Brave Hearts Publishing Blog — Brave Hearts Publishing",marine+science,published,https://www.braveheartspublishing.com/blog/tag/marine+science,yes,https://www.braveheartspublishing.com/sitemap.xml,Squarespace sitemap inventory
https://www.braveheartspublishing.com/blog/tag/Mariana+Trench,post,,"Mariana Trench — Bridge Books, Reading Tips & Kids Adventure Books | Brave Hearts Publishing Blog — Brave Hearts Publishing",Mariana+Trench,published,https://www.braveheartspublishing.com/blog/tag/Mariana+Trench,yes,https://www.braveheartspublishing.com/sitemap.xml,Squarespace sitemap inventory
https://www.braveheartspublishing.com/blog/tag/bridge+books,post,,"bridge books — Bridge Books, Reading Tips & Kids Adventure Books | Brave Hearts Publishing Blog — Brave Hearts Publishing",bridge+books,published,https://www.braveheartspublishing.com/blog/tag/bridge+books,yes,https://www.braveheartspublishing.com/sitemap.xml,Squarespace sitemap inventory
https://www.braveheartspublishing.com/blog/tag/reading+level,post,,"reading level — Bridge Books, Reading Tips & Kids Adventure Books | Brave Hearts Publishing Blog — Brave Hearts Publishing",reading+level,published,https://www.braveheartspublishing.com/blog/tag/reading+level,yes,https://www.braveheartspublishing.com/sitemap.xml,Squarespace sitemap inventory
https://www.braveheartspublishing.com/blog/tag/reading+help+ages+6-9,post,,"reading help ages 6-9 — Bridge Books, Reading Tips & Kids Adventure Books | Brave Hearts Publishing Blog — Brave Hearts Publishing",reading+help+ages+6-9,published,https://www.braveheartspublishing.com/blog/tag/reading+help+ages+6-9,yes,https://www.braveheartspublishing.com/sitemap.xml,Squarespace sitemap inventory
https://www.braveheartspublishing.com/blog/tag/books+for+first+graders,post,,"books for first graders — Bridge Books, Reading Tips & Kids Adventure Books | Brave Hearts Publishing Blog — Brave Hearts Publishing",books+for+first+graders,published,https://www.braveheartspublishing.com/blog/tag/books+for+first+graders,yes,https://www.braveheartspublishing.com/sitemap.xml,Squarespace sitemap inventory
https://www.braveheartspublishing.com/blog/tag/reading+help+for+parents,post,,"reading help for parents — Bridge Books, Reading Tips & Kids Adventure Books | Brave Hearts Publishing Blog — Brave Hearts Publishing",reading+help+for+parents,published,https://www.braveheartspublishing.com/blog/tag/reading+help+for+parents,yes,https://www.braveheartspublishing.com/sitemap.xml,Squarespace sitemap inventory
https://www.braveheartspublishing.com/blog/tag/Bridge+Books,post,,"Bridge Books — Bridge Books, Reading Tips & Kids Adventure Books | Brave Hearts Publishing Blog — Brave Hearts Publishing",Bridge+Books,published,https://www.braveheartspublishing.com/blog/tag/Bridge+Books,yes,https://www.braveheartspublishing.com/sitemap.xml,Squarespace sitemap inventory
https://www.braveheartspublishing.com/blog/tag/summer+books+for+kids,post,,"summer books for kids — Bridge Books, Reading Tips & Kids Adventure Books | Brave Hearts Publishing Blog — Brave Hearts Publishing",summer+books+for+kids,published,https://www.braveheartspublishing.com/blog/tag/summer+books+for+kids,yes,https://www.braveheartspublishing.com/sitemap.xml,Squarespace sitemap inventory
https://www.braveheartspublishing.com/blog/tag/picture+books+to+chapter+books,post,,"picture books to chapter books — Bridge Books, Reading Tips & Kids Adventure Books | Brave Hearts Publishing Blog — Brave Hearts Publishing",picture+books+to+chapter+books,published,https://www.braveheartspublishing.com/blog/tag/picture+books+to+chapter+books,yes,https://www.braveheartspublishing.com/sitemap.xml,Squarespace sitemap inventory
https://www.braveheartspublishing.com/blog/tag/Summer+Reading+List,post,,"Summer Reading List — Bridge Books, Reading Tips & Kids Adventure Books | Brave Hearts Publishing Blog — Brave Hearts Publishing",Summer+Reading+List,published,https://www.braveheartspublishing.com/blog/tag/Summer+Reading+List,yes,https://www.braveheartspublishing.com/sitemap.xml,Squarespace sitemap inventory
https://www.braveheartspublishing.com/blog/tag/Adventures+of+Charlotte+and+Henry,post,,"Adventures of Charlotte and Henry — Bridge Books, Reading Tips & Kids Adventure Books | Brave Hearts Publishing Blog — Brave Hearts Publishing",Adventures+of+Charlotte+and+Henry,published,https://www.braveheartspublishing.com/blog/tag/Adventures+of+Charlotte+and+Henry,yes,https://www.braveheartspublishing.com/sitemap.xml,Squarespace sitemap inventory
https://www.braveheartspublishing.com/blog/tag/Lexile+score,post,,"Lexile score — Bridge Books, Reading Tips & Kids Adventure Books | Brave Hearts Publishing Blog — Brave Hearts Publishing",Lexile+score,published,https://www.braveheartspublishing.com/blog/tag/Lexile+score,yes,https://www.braveheartspublishing.com/sitemap.xml,Squarespace sitemap inventory
https://www.braveheartspublishing.com/blog/tag/geography+for+kids,post,,"geography for kids — Bridge Books, Reading Tips & Kids Adventure Books | Brave Hearts Publishing Blog — Brave Hearts Publishing",geography+for+kids,published,https://www.braveheartspublishing.com/blog/tag/geography+for+kids,yes,https://www.braveheartspublishing.com/sitemap.xml,Squarespace sitemap inventory
https://www.braveheartspublishing.com/blog/tag/Summer+Reading,post,,"Summer Reading — Bridge Books, Reading Tips & Kids Adventure Books | Brave Hearts Publishing Blog — Brave Hearts Publishing",Summer+Reading,published,https://www.braveheartspublishing.com/blog/tag/Summer+Reading,yes,https://www.braveheartspublishing.com/sitemap.xml,Squarespace sitemap inventory
https://www.braveheartspublishing.com/blog/tag/sea+books+for+kids,post,,"sea books for kids — Bridge Books, Reading Tips & Kids Adventure Books | Brave Hearts Publishing Blog — Brave Hearts Publishing",sea+books+for+kids,published,https://www.braveheartspublishing.com/blog/tag/sea+books+for+kids,yes,https://www.braveheartspublishing.com/sitemap.xml,Squarespace sitemap inventory
https://www.braveheartspublishing.com/blog/tag/elementary+teacher,post,,"elementary teacher — Bridge Books, Reading Tips & Kids Adventure Books | Brave Hearts Publishing Blog — Brave Hearts Publishing",elementary+teacher,published,https://www.braveheartspublishing.com/blog/tag/elementary+teacher,yes,https://www.braveheartspublishing.com/sitemap.xml,Squarespace sitemap inventory
https://www.braveheartspublishing.com/blog/tag/ages+6-9,post,,"ages 6-9 — Bridge Books, Reading Tips & Kids Adventure Books | Brave Hearts Publishing Blog — Brave Hearts Publishing",ages+6-9,published,https://www.braveheartspublishing.com/blog/tag/ages+6-9,yes,https://www.braveheartspublishing.com/sitemap.xml,Squarespace sitemap inventory
https://www.braveheartspublishing.com/blog/tag/bridge+books+for+kids,post,,"bridge books for kids — Bridge Books, Reading Tips & Kids Adventure Books | Brave Hearts Publishing Blog — Brave Hearts Publishing",bridge+books+for+kids,published,https://www.braveheartspublishing.com/blog/tag/bridge+books+for+kids,yes,https://www.braveheartspublishing.com/sitemap.xml,Squarespace sitemap inventory
https://www.braveheartspublishing.com/blog/tag/reading+confidence,post,,"reading confidence — Bridge Books, Reading Tips & Kids Adventure Books | Brave Hearts Publishing Blog — Brave Hearts Publishing",reading+confidence,published,https://www.braveheartspublishing.com/blog/tag/reading+confidence,yes,https://www.braveheartspublishing.com/sitemap.xml,Squarespace sitemap inventory
https://www.braveheartspublishing.com/blog/tag/Reading+Tips,post,,"Reading Tips — Bridge Books, Reading Tips & Kids Adventure Books | Brave Hearts Publishing Blog — Brave Hearts Publishing",Reading+Tips,published,https://www.braveheartspublishing.com/blog/tag/Reading+Tips,yes,https://www.braveheartspublishing.com/sitemap.xml,Squarespace sitemap inventory
https://www.braveheartspublishing.com/blog/tag/Andrew+Signore,post,,"Andrew Signore — Bridge Books, Reading Tips & Kids Adventure Books | Brave Hearts Publishing Blog — Brave Hearts Publishing",Andrew+Signore,published,https://www.braveheartspublishing.com/blog/tag/Andrew+Signore,yes,https://www.braveheartspublishing.com/sitemap.xml,Squarespace sitemap inventory
https://www.braveheartspublishing.com/blog/tag/Children%27s+Book+Author,post,,"Children's Book Author — Bridge Books, Reading Tips & Kids Adventure Books | Brave Hearts Publishing Blog — Brave Hearts Publishing",Children%27s+Book+Author,published,https://www.braveheartspublishing.com/blog/tag/Children%27s+Book+Author,yes,https://www.braveheartspublishing.com/sitemap.xml,Squarespace sitemap inventory
https://www.braveheartspublishing.com/blog/tag/read+aloud+for+kids,post,,"read aloud for kids — Bridge Books, Reading Tips & Kids Adventure Books | Brave Hearts Publishing Blog — Brave Hearts Publishing",read+aloud+for+kids,published,https://www.braveheartspublishing.com/blog/tag/read+aloud+for+kids,yes,https://www.braveheartspublishing.com/sitemap.xml,Squarespace sitemap inventory
https://www.braveheartspublishing.com/blog/tag/reading+motivation,post,,"reading motivation — Bridge Books, Reading Tips & Kids Adventure Books | Brave Hearts Publishing Blog — Brave Hearts Publishing",reading+motivation,published,https://www.braveheartspublishing.com/blog/tag/reading+motivation,yes,https://www.braveheartspublishing.com/sitemap.xml,Squarespace sitemap inventory
https://www.braveheartspublishing.com/blog/tag/reading+development,post,,"reading development — Bridge Books, Reading Tips & Kids Adventure Books | Brave Hearts Publishing Blog — Brave Hearts Publishing",reading+development,published,https://www.braveheartspublishing.com/blog/tag/reading+development,yes,https://www.braveheartspublishing.com/sitemap.xml,Squarespace sitemap inventory
https://www.braveheartspublishing.com/blog/tag/facts+for+kids,post,,"facts for kids — Bridge Books, Reading Tips & Kids Adventure Books | Brave Hearts Publishing Blog — Brave Hearts Publishing",facts+for+kids,published,https://www.braveheartspublishing.com/blog/tag/facts+for+kids,yes,https://www.braveheartspublishing.com/sitemap.xml,Squarespace sitemap inventory
https://www.braveheartspublishing.com/blog/tag/read+aloud,post,,"read aloud — Bridge Books, Reading Tips & Kids Adventure Books | Brave Hearts Publishing Blog — Brave Hearts Publishing",read+aloud,published,https://www.braveheartspublishing.com/blog/tag/read+aloud,yes,https://www.braveheartspublishing.com/sitemap.xml,Squarespace sitemap inventory
https://www.braveheartspublishing.com/blog/tag/kids+who+love+graphic+novels,post,,"kids who love graphic novels — Bridge Books, Reading Tips & Kids Adventure Books | Brave Hearts Publishing Blog — Brave Hearts Publishing",kids+who+love+graphic+novels,published,https://www.braveheartspublishing.com/blog/tag/kids+who+love+graphic+novels,yes,https://www.braveheartspublishing.com/sitemap.xml,Squarespace sitemap inventory
https://www.braveheartspublishing.com/blog/tag/struggling+readers,post,,"struggling readers — Bridge Books, Reading Tips & Kids Adventure Books | Brave Hearts Publishing Blog — Brave Hearts Publishing",struggling+readers,published,https://www.braveheartspublishing.com/blog/tag/struggling+readers,yes,https://www.braveheartspublishing.com/sitemap.xml,Squarespace sitemap inventory
https://www.braveheartspublishing.com/blog/tag/best+read+aloud+books,post,,"best read aloud books — Bridge Books, Reading Tips & Kids Adventure Books | Brave Hearts Publishing Blog — Brave Hearts Publishing",best+read+aloud+books,published,https://www.braveheartspublishing.com/blog/tag/best+read+aloud+books,yes,https://www.braveheartspublishing.com/sitemap.xml,Squarespace sitemap inventory
https://www.braveheartspublishing.com/blog/tag/best+kids+books,post,,"best kids books — Bridge Books, Reading Tips & Kids Adventure Books | Brave Hearts Publishing Blog — Brave Hearts Publishing",best+kids+books,published,https://www.braveheartspublishing.com/blog/tag/best+kids+books,yes,https://www.braveheartspublishing.com/sitemap.xml,Squarespace sitemap inventory
https://www.braveheartspublishing.com/blog/tag/summer+slide,post,,"summer slide — Bridge Books, Reading Tips & Kids Adventure Books | Brave Hearts Publishing Blog — Brave Hearts Publishing",summer+slide,published,https://www.braveheartspublishing.com/blog/tag/summer+slide,yes,https://www.braveheartspublishing.com/sitemap.xml,Squarespace sitemap inventory
https://www.braveheartspublishing.com/blog/tag/7+year+old+books,post,,"7 year old books — Bridge Books, Reading Tips & Kids Adventure Books | Brave Hearts Publishing Blog — Brave Hearts Publishing",7+year+old+books,published,https://www.braveheartspublishing.com/blog/tag/7+year+old+books,yes,https://www.braveheartspublishing.com/sitemap.xml,Squarespace sitemap inventory
https://www.braveheartspublishing.com/blog/tag/Kids+reading+level,post,,"Kids reading level — Bridge Books, Reading Tips & Kids Adventure Books | Brave Hearts Publishing Blog — Brave Hearts Publishing",Kids+reading+level,published,https://www.braveheartspublishing.com/blog/tag/Kids+reading+level,yes,https://www.braveheartspublishing.com/sitemap.xml,Squarespace sitemap inventory
https://www.braveheartspublishing.com/blog/tag/next+step+after+graphic+novels,post,,"next step after graphic novels — Bridge Books, Reading Tips & Kids Adventure Books | Brave Hearts Publishing Blog — Brave Hearts Publishing",next+step+after+graphic+novels,published,https://www.braveheartspublishing.com/blog/tag/next+step+after+graphic+novels,yes,https://www.braveheartspublishing.com/sitemap.xml,Squarespace sitemap inventory
https://www.braveheartspublishing.com/blog/tag/Ages+6-9,post,,"Ages 6-9 — Bridge Books, Reading Tips & Kids Adventure Books | Brave Hearts Publishing Blog — Brave Hearts Publishing",Ages+6-9,published,https://www.braveheartspublishing.com/blog/tag/Ages+6-9,yes,https://www.braveheartspublishing.com/sitemap.xml,Squarespace sitemap inventory
https://www.braveheartspublishing.com/blog/tag/funny+books+for+kids,post,,"funny books for kids — Bridge Books, Reading Tips & Kids Adventure Books | Brave Hearts Publishing Blog — Brave Hearts Publishing",funny+books+for+kids,published,https://www.braveheartspublishing.com/blog/tag/funny+books+for+kids,yes,https://www.braveheartspublishing.com/sitemap.xml,Squarespace sitemap inventory
https://www.braveheartspublishing.com/blog/tag/reading+progression+kids,post,,"reading progression kids — Bridge Books, Reading Tips & Kids Adventure Books | Brave Hearts Publishing Blog — Brave Hearts Publishing",reading+progression+kids,published,https://www.braveheartspublishing.com/blog/tag/reading+progression+kids,yes,https://www.braveheartspublishing.com/sitemap.xml,Squarespace sitemap inventory
https://www.braveheartspublishing.com/blog/tag/science+books+for+kids,post,,"science books for kids — Bridge Books, Reading Tips & Kids Adventure Books | Brave Hearts Publishing Blog — Brave Hearts Publishing",science+books+for+kids,published,https://www.braveheartspublishing.com/blog/tag/science+books+for+kids,yes,https://www.braveheartspublishing.com/sitemap.xml,Squarespace sitemap inventory
https://www.braveheartspublishing.com/blog/tag/classroom+resources,post,,"classroom resources — Bridge Books, Reading Tips & Kids Adventure Books | Brave Hearts Publishing Blog — Brave Hearts Publishing",classroom+resources,published,https://www.braveheartspublishing.com/blog/tag/classroom+resources,yes,https://www.braveheartspublishing.com/sitemap.xml,Squarespace sitemap inventory
https://www.braveheartspublishing.com/blog/tag/kids+science,post,,"kids science — Bridge Books, Reading Tips & Kids Adventure Books | Brave Hearts Publishing Blog — Brave Hearts Publishing",kids+science,published,https://www.braveheartspublishing.com/blog/tag/kids+science,yes,https://www.braveheartspublishing.com/sitemap.xml,Squarespace sitemap inventory
https://www.braveheartspublishing.com/blog/tag/reluctant+readers,post,,"reluctant readers — Bridge Books, Reading Tips & Kids Adventure Books | Brave Hearts Publishing Blog — Brave Hearts Publishing",reluctant+readers,published,https://www.braveheartspublishing.com/blog/tag/reluctant+readers,yes,https://www.braveheartspublishing.com/sitemap.xml,Squarespace sitemap inventory
https://www.braveheartspublishing.com/blog/tag/books+for+7+year+olds,post,,"books for 7 year olds — Bridge Books, Reading Tips & Kids Adventure Books | Brave Hearts Publishing Blog — Brave Hearts Publishing",books+for+7+year+olds,published,https://www.braveheartspublishing.com/blog/tag/books+for+7+year+olds,yes,https://www.braveheartspublishing.com/sitemap.xml,Squarespace sitemap inventory
https://www.braveheartspublishing.com/blog/tag/graphic+novels+for+kids,post,,"graphic novels for kids — Bridge Books, Reading Tips & Kids Adventure Books | Brave Hearts Publishing Blog — Brave Hearts Publishing",graphic+novels+for+kids,published,https://www.braveheartspublishing.com/blog/tag/graphic+novels+for+kids,yes,https://www.braveheartspublishing.com/sitemap.xml,Squarespace sitemap inventory
https://www.braveheartspublishing.com/blog/tag/kids+books+age+7,post,,"kids books age 7 — Bridge Books, Reading Tips & Kids Adventure Books | Brave Hearts Publishing Blog — Brave Hearts Publishing",kids+books+age+7,published,https://www.braveheartspublishing.com/blog/tag/kids+books+age+7,yes,https://www.braveheartspublishing.com/sitemap.xml,Squarespace sitemap inventory
https://www.braveheartspublishing.com/blog/tag/Brave+Hearts+Publishing,post,,"Brave Hearts Publishing — Bridge Books, Reading Tips & Kids Adventure Books | Brave Hearts Publishing Blog — Brave Hearts Publishing",Brave+Hearts+Publishing,published,https://www.braveheartspublishing.com/blog/tag/Brave+Hearts+Publishing,yes,https://www.braveheartspublishing.com/sitemap.xml,Squarespace sitemap inventory
https://www.braveheartspublishing.com/blog/tag/Kirkus+Review,post,,"Kirkus Review — Bridge Books, Reading Tips & Kids Adventure Books | Brave Hearts Publishing Blog — Brave Hearts Publishing",Kirkus+Review,published,https://www.braveheartspublishing.com/blog/tag/Kirkus+Review,yes,https://www.braveheartspublishing.com/sitemap.xml,Squarespace sitemap inventory
https://www.braveheartspublishing.com/blog/tag/early+chapter+books,post,,"early chapter books — Bridge Books, Reading Tips & Kids Adventure Books | Brave Hearts Publishing Blog — Brave Hearts Publishing",early+chapter+books,published,https://www.braveheartspublishing.com/blog/tag/early+chapter+books,yes,https://www.braveheartspublishing.com/sitemap.xml,Squarespace sitemap inventory
https://www.braveheartspublishing.com/blog/tag/reading+levels+chart,post,,"reading levels chart — Bridge Books, Reading Tips & Kids Adventure Books | Brave Hearts Publishing Blog — Brave Hearts Publishing",reading+levels+chart,published,https://www.braveheartspublishing.com/blog/tag/reading+levels+chart,yes,https://www.braveheartspublishing.com/sitemap.xml,Squarespace sitemap inventory
https://www.braveheartspublishing.com/blog/tag/kids+reading+help,post,,"kids reading help — Bridge Books, Reading Tips & Kids Adventure Books | Brave Hearts Publishing Blog — Brave Hearts Publishing",kids+reading+help,published,https://www.braveheartspublishing.com/blog/tag/kids+reading+help,yes,https://www.braveheartspublishing.com/sitemap.xml,Squarespace sitemap inventory
https://www.braveheartspublishing.com/blog/tag/lexile+explained,post,,"lexile explained — Bridge Books, Reading Tips & Kids Adventure Books | Brave Hearts Publishing Blog — Brave Hearts Publishing",lexile+explained,published,https://www.braveheartspublishing.com/blog/tag/lexile+explained,yes,https://www.braveheartspublishing.com/sitemap.xml,Squarespace sitemap inventory
https://www.braveheartspublishing.com/blog/tag/Why+I+wrote+this+book,post,,"Why I wrote this book — Bridge Books, Reading Tips & Kids Adventure Books | Brave Hearts Publishing Blog — Brave Hearts Publishing",Why+I+wrote+this+book,published,https://www.braveheartspublishing.com/blog/tag/Why+I+wrote+this+book,yes,https://www.braveheartspublishing.com/sitemap.xml,Squarespace sitemap inventory
https://www.braveheartspublishing.com/blog/tag/best+books+for+7+year+olds,post,,"best books for 7 year olds — Bridge Books, Reading Tips & Kids Adventure Books | Brave Hearts Publishing Blog — Brave Hearts Publishing",best+books+for+7+year+olds,published,https://www.braveheartspublishing.com/blog/tag/best+books+for+7+year+olds,yes,https://www.braveheartspublishing.com/sitemap.xml,Squarespace sitemap inventory
https://www.braveheartspublishing.com/blog/tag/how+to+use+lexile+score,post,,"how to use lexile score — Bridge Books, Reading Tips & Kids Adventure Books | Brave Hearts Publishing Blog — Brave Hearts Publishing",how+to+use+lexile+score,published,https://www.braveheartspublishing.com/blog/tag/how+to+use+lexile+score,yes,https://www.braveheartspublishing.com/sitemap.xml,Squarespace sitemap inventory
https://www.braveheartspublishing.com/blog/tag/find+books+by+lexile+level,post,,"find books by lexile level — Bridge Books, Reading Tips & Kids Adventure Books | Brave Hearts Publishing Blog — Brave Hearts Publishing",find+books+by+lexile+level,published,https://www.braveheartspublishing.com/blog/tag/find+books+by+lexile+level,yes,https://www.braveheartspublishing.com/sitemap.xml,Squarespace sitemap inventory
https://www.braveheartspublishing.com/blog/tag/books+for+second+graders,post,,"books for second graders — Bridge Books, Reading Tips & Kids Adventure Books | Brave Hearts Publishing Blog — Brave Hearts Publishing",books+for+second+graders,published,https://www.braveheartspublishing.com/blog/tag/books+for+second+graders,yes,https://www.braveheartspublishing.com/sitemap.xml,Squarespace sitemap inventory
https://www.braveheartspublishing.com/blog/tag/lexile+score+by+grade+level,post,,"lexile score by grade level — Bridge Books, Reading Tips & Kids Adventure Books | Brave Hearts Publishing Blog — Brave Hearts Publishing",lexile+score+by+grade+level,published,https://www.braveheartspublishing.com/blog/tag/lexile+score+by+grade+level,yes,https://www.braveheartspublishing.com/sitemap.xml,Squarespace sitemap inventory
https://www.braveheartspublishing.com/blog/tag/reading+roadmap,post,,"reading roadmap — Bridge Books, Reading Tips & Kids Adventure Books | Brave Hearts Publishing Blog — Brave Hearts Publishing",reading+roadmap,published,https://www.braveheartspublishing.com/blog/tag/reading+roadmap,yes,https://www.braveheartspublishing.com/sitemap.xml,Squarespace sitemap inventory
https://www.braveheartspublishing.com/blog/tag/bridge+books+from+graphic+novels,post,,"bridge books from graphic novels — Bridge Books, Reading Tips & Kids Adventure Books | Brave Hearts Publishing Blog — Brave Hearts Publishing",bridge+books+from+graphic+novels,published,https://www.braveheartspublishing.com/blog/tag/bridge+books+from+graphic+novels,yes,https://www.braveheartspublishing.com/sitemap.xml,Squarespace sitemap inventory
https://www.braveheartspublishing.com/blog/tag/kids+books,post,,"kids books — Bridge Books, Reading Tips & Kids Adventure Books | Brave Hearts Publishing Blog — Brave Hearts Publishing",kids+books,published,https://www.braveheartspublishing.com/blog/tag/kids+books,yes,https://www.braveheartspublishing.com/sitemap.xml,Squarespace sitemap inventory
https://www.braveheartspublishing.com/blog/tag/elementary+classroom,post,,"elementary classroom — Bridge Books, Reading Tips & Kids Adventure Books | Brave Hearts Publishing Blog — Brave Hearts Publishing",elementary+classroom,published,https://www.braveheartspublishing.com/blog/tag/elementary+classroom,yes,https://www.braveheartspublishing.com/sitemap.xml,Squarespace sitemap inventory
https://www.braveheartspublishing.com/blog/tag/chapter+books+for+kids,post,,"chapter books for kids — Bridge Books, Reading Tips & Kids Adventure Books | Brave Hearts Publishing Blog — Brave Hearts Publishing",chapter+books+for+kids,published,https://www.braveheartspublishing.com/blog/tag/chapter+books+for+kids,yes,https://www.braveheartspublishing.com/sitemap.xml,Squarespace sitemap inventory
https://www.braveheartspublishing.com/blog/tag/chapter+books+for+beginners,post,,"chapter books for beginners — Bridge Books, Reading Tips & Kids Adventure Books | Brave Hearts Publishing Blog — Brave Hearts Publishing",chapter+books+for+beginners,published,https://www.braveheartspublishing.com/blog/tag/chapter+books+for+beginners,yes,https://www.braveheartspublishing.com/sitemap.xml,Squarespace sitemap inventory
https://www.braveheartspublishing.com/blog/tag/magic+tree+house+alternatives,post,,"magic tree house alternatives — Bridge Books, Reading Tips & Kids Adventure Books | Brave Hearts Publishing Blog — Brave Hearts Publishing",magic+tree+house+alternatives,published,https://www.braveheartspublishing.com/blog/tag/magic+tree+house+alternatives,yes,https://www.braveheartspublishing.com/sitemap.xml,Squarespace sitemap inventory
https://www.braveheartspublishing.com/blog/tag/gap+between+picture+books+and+chapter+books,post,,"gap between picture books and chapter books — Bridge Books, Reading Tips & Kids Adventure Books | Brave Hearts Publishing Blog — Brave Hearts Publishing",gap+between+picture+books+and+chapter+books,published,https://www.braveheartspublishing.com/blog/tag/gap+between+picture+books+and+chapter+books,yes,https://www.braveheartspublishing.com/sitemap.xml,Squarespace sitemap inventory
https://www.braveheartspublishing.com/blog/tag/Ocean+Facts,post,,"Ocean Facts — Bridge Books, Reading Tips & Kids Adventure Books | Brave Hearts Publishing Blog — Brave Hearts Publishing",Ocean+Facts,published,https://www.braveheartspublishing.com/blog/tag/Ocean+Facts,yes,https://www.braveheartspublishing.com/sitemap.xml,Squarespace sitemap inventory
https://www.braveheartspublishing.com/blog/tag/classroom+read+aloud,post,,"classroom read aloud — Bridge Books, Reading Tips & Kids Adventure Books | Brave Hearts Publishing Blog — Brave Hearts Publishing",classroom+read+aloud,published,https://www.braveheartspublishing.com/blog/tag/classroom+read+aloud,yes,https://www.braveheartspublishing.com/sitemap.xml,Squarespace sitemap inventory
https://www.braveheartspublishing.com/blog/tag/science+books+for+8+year+olds,post,,"science books for 8 year olds — Bridge Books, Reading Tips & Kids Adventure Books | Brave Hearts Publishing Blog — Brave Hearts Publishing",science+books+for+8+year+olds,published,https://www.braveheartspublishing.com/blog/tag/science+books+for+8+year+olds,yes,https://www.braveheartspublishing.com/sitemap.xml,Squarespace sitemap inventory
https://www.braveheartspublishing.com/blog/tag/stem+books,post,,"stem books — Bridge Books, Reading Tips & Kids Adventure Books | Brave Hearts Publishing Blog — Brave Hearts Publishing",stem+books,published,https://www.braveheartspublishing.com/blog/tag/stem+books,yes,https://www.braveheartspublishing.com/sitemap.xml,Squarespace sitemap inventory
https://www.braveheartspublishing.com/blog/tag/books+like+dog+man,post,,"books like dog man — Bridge Books, Reading Tips & Kids Adventure Books | Brave Hearts Publishing Blog — Brave Hearts Publishing",books+like+dog+man,published,https://www.braveheartspublishing.com/blog/tag/books+like+dog+man,yes,https://www.braveheartspublishing.com/sitemap.xml,Squarespace sitemap inventory
https://www.braveheartspublishing.com/blog/tag/ocean+books+for+kids,post,,"ocean books for kids — Bridge Books, Reading Tips & Kids Adventure Books | Brave Hearts Publishing Blog — Brave Hearts Publishing",ocean+books+for+kids,published,https://www.braveheartspublishing.com/blog/tag/ocean+books+for+kids,yes,https://www.braveheartspublishing.com/sitemap.xml,Squarespace sitemap inventory
https://www.braveheartspublishing.com/blog/tag/Early+Readers,post,,"Early Readers — Bridge Books, Reading Tips & Kids Adventure Books | Brave Hearts Publishing Blog — Brave Hearts Publishing",Early+Readers,published,https://www.braveheartspublishing.com/blog/tag/Early+Readers,yes,https://www.braveheartspublishing.com/sitemap.xml,Squarespace sitemap inventory
https://www.braveheartspublishing.com/blog/tag/Origin+Story,post,,"Origin Story — Bridge Books, Reading Tips & Kids Adventure Books | Brave Hearts Publishing Blog — Brave Hearts Publishing",Origin+Story,published,https://www.braveheartspublishing.com/blog/tag/Origin+Story,yes,https://www.braveheartspublishing.com/sitemap.xml,Squarespace sitemap inventory
https://www.braveheartspublishing.com/blog/tag/reading+list+for+kids,post,,"reading list for kids — Bridge Books, Reading Tips & Kids Adventure Books | Brave Hearts Publishing Blog — Brave Hearts Publishing",reading+list+for+kids,published,https://www.braveheartspublishing.com/blog/tag/reading+list+for+kids,yes,https://www.braveheartspublishing.com/sitemap.xml,Squarespace sitemap inventory
https://www.braveheartspublishing.com/blog/tag/teacher+appreciation+week,post,,"teacher appreciation week — Bridge Books, Reading Tips & Kids Adventure Books | Brave Hearts Publishing Blog — Brave Hearts Publishing",teacher+appreciation+week,published,https://www.braveheartspublishing.com/blog/tag/teacher+appreciation+week,yes,https://www.braveheartspublishing.com/sitemap.xml,Squarespace sitemap inventory
https://www.braveheartspublishing.com/blog/tag/Mariana+Trench+Book,post,,"Mariana Trench Book — Bridge Books, Reading Tips & Kids Adventure Books | Brave Hearts Publishing Blog — Brave Hearts Publishing",Mariana+Trench+Book,published,https://www.braveheartspublishing.com/blog/tag/Mariana+Trench+Book,yes,https://www.braveheartspublishing.com/sitemap.xml,Squarespace sitemap inventory
https://www.braveheartspublishing.com/blog/tag/children%27s+book+review,post,,"children's book review — Bridge Books, Reading Tips & Kids Adventure Books | Brave Hearts Publishing Blog — Brave Hearts Publishing",children%27s+book+review,published,https://www.braveheartspublishing.com/blog/tag/children%27s+book+review,yes,https://www.braveheartspublishing.com/sitemap.xml,Squarespace sitemap inventory
https://www.braveheartspublishing.com/blog/tag/bridge+books+for+struggling+readers,post,,"bridge books for struggling readers — Bridge Books, Reading Tips & Kids Adventure Books | Brave Hearts Publishing Blog — Brave Hearts Publishing",bridge+books+for+struggling+readers,published,https://www.braveheartspublishing.com/blog/tag/bridge+books+for+struggling+readers,yes,https://www.braveheartspublishing.com/sitemap.xml,Squarespace sitemap inventory
https://www.braveheartspublishing.com/blog/tag/what+reading+level+should+my+child+be+at,post,,"what reading level should my child be at — Bridge Books, Reading Tips & Kids Adventure Books | Brave Hearts Publishing Blog — Brave Hearts Publishing",what+reading+level+should+my+child+be+at,published,https://www.braveheartspublishing.com/blog/tag/what+reading+level+should+my+child+be+at,yes,https://www.braveheartspublishing.com/sitemap.xml,Squarespace sitemap inventory
https://www.braveheartspublishing.com/blog/tag/2nd+grade+reading+level,post,,"2nd grade reading level — Bridge Books, Reading Tips & Kids Adventure Books | Brave Hearts Publishing Blog — Brave Hearts Publishing",2nd+grade+reading+level,published,https://www.braveheartspublishing.com/blog/tag/2nd+grade+reading+level,yes,https://www.braveheartspublishing.com/sitemap.xml,Squarespace sitemap inventory
https://www.braveheartspublishing.com/blog/tag/parent+reading+guide,post,,"parent reading guide — Bridge Books, Reading Tips & Kids Adventure Books | Brave Hearts Publishing Blog — Brave Hearts Publishing",parent+reading+guide,published,https://www.braveheartspublishing.com/blog/tag/parent+reading+guide,yes,https://www.braveheartspublishing.com/sitemap.xml,Squarespace sitemap inventory
https://www.braveheartspublishing.com/blog/tag/how+to+choose+a+read+aloud,post,,"how to choose a read aloud — Bridge Books, Reading Tips & Kids Adventure Books | Brave Hearts Publishing Blog — Brave Hearts Publishing",how+to+choose+a+read+aloud,published,https://www.braveheartspublishing.com/blog/tag/how+to+choose+a+read+aloud,yes,https://www.braveheartspublishing.com/sitemap.xml,Squarespace sitemap inventory
https://www.braveheartspublishing.com/blog/tag/Charlotte+and+Henry,post,,"Charlotte and Henry — Bridge Books, Reading Tips & Kids Adventure Books | Brave Hearts Publishing Blog — Brave Hearts Publishing",Charlotte+and+Henry,published,https://www.braveheartspublishing.com/blog/tag/Charlotte+and+Henry,yes,https://www.braveheartspublishing.com/sitemap.xml,Squarespace sitemap inventory
https://www.braveheartspublishing.com/blog/tag/read+aloud+chapter+books,post,,"read aloud chapter books — Bridge Books, Reading Tips & Kids Adventure Books | Brave Hearts Publishing Blog — Brave Hearts Publishing",read+aloud+chapter+books,published,https://www.braveheartspublishing.com/blog/tag/read+aloud+chapter+books,yes,https://www.braveheartspublishing.com/sitemap.xml,Squarespace sitemap inventory
https://www.braveheartspublishing.com/blog/tag/books+for+8+year+olds,post,,"books for 8 year olds — Bridge Books, Reading Tips & Kids Adventure Books | Brave Hearts Publishing Blog — Brave Hearts Publishing",books+for+8+year+olds,published,https://www.braveheartspublishing.com/blog/tag/books+for+8+year+olds,yes,https://www.braveheartspublishing.com/sitemap.xml,Squarespace sitemap inventory
https://www.braveheartspublishing.com/blog/tag/best+books+for+grades+1-3,post,,"best books for grades 1-3 — Bridge Books, Reading Tips & Kids Adventure Books | Brave Hearts Publishing Blog — Brave Hearts Publishing",best+books+for+grades+1-3,published,https://www.braveheartspublishing.com/blog/tag/best+books+for+grades+1-3,yes,https://www.braveheartspublishing.com/sitemap.xml,Squarespace sitemap inventory
https://www.braveheartspublishing.com/blog/tag/reading+level+chart,post,,"reading level chart — Bridge Books, Reading Tips & Kids Adventure Books | Brave Hearts Publishing Blog — Brave Hearts Publishing",reading+level+chart,published,https://www.braveheartspublishing.com/blog/tag/reading+level+chart,yes,https://www.braveheartspublishing.com/sitemap.xml,Squarespace sitemap inventory
https://www.braveheartspublishing.com/blog/tag/books+for+struggling+readers,post,,"books for struggling readers — Bridge Books, Reading Tips & Kids Adventure Books | Brave Hearts Publishing Blog — Brave Hearts Publishing",books+for+struggling+readers,published,https://www.braveheartspublishing.com/blog/tag/books+for+struggling+readers,yes,https://www.braveheartspublishing.com/sitemap.xml,Squarespace sitemap inventory
https://www.braveheartspublishing.com/blog/tag/books+for+reluctant+readers,post,,"books for reluctant readers — Bridge Books, Reading Tips & Kids Adventure Books | Brave Hearts Publishing Blog — Brave Hearts Publishing",books+for+reluctant+readers,published,https://www.braveheartspublishing.com/blog/tag/books+for+reluctant+readers,yes,https://www.braveheartspublishing.com/sitemap.xml,Squarespace sitemap inventory
https://www.braveheartspublishing.com/blog/tag/1st+grade+reading+level,post,,"1st grade reading level — Bridge Books, Reading Tips & Kids Adventure Books | Brave Hearts Publishing Blog — Brave Hearts Publishing",1st+grade+reading+level,published,https://www.braveheartspublishing.com/blog/tag/1st+grade+reading+level,yes,https://www.braveheartspublishing.com/sitemap.xml,Squarespace sitemap inventory
https://www.braveheartspublishing.com/blog/tag/captain+underpants+books,post,,"captain underpants books — Bridge Books, Reading Tips & Kids Adventure Books | Brave Hearts Publishing Blog — Brave Hearts Publishing",captain+underpants+books,published,https://www.braveheartspublishing.com/blog/tag/captain+underpants+books,yes,https://www.braveheartspublishing.com/sitemap.xml,Squarespace sitemap inventory
https://www.braveheartspublishing.com/blog/tag/dog+man+to+magic+tree+house,post,,"dog man to magic tree house — Bridge Books, Reading Tips & Kids Adventure Books | Brave Hearts Publishing Blog — Brave Hearts Publishing",dog+man+to+magic+tree+house,published,https://www.braveheartspublishing.com/blog/tag/dog+man+to+magic+tree+house,yes,https://www.braveheartspublishing.com/sitemap.xml,Squarespace sitemap inventory
https://www.braveheartspublishing.com/blog/tag/science+books+for+7+year+olds,post,,"science books for 7 year olds — Bridge Books, Reading Tips & Kids Adventure Books | Brave Hearts Publishing Blog — Brave Hearts Publishing",science+books+for+7+year+olds,published,https://www.braveheartspublishing.com/blog/tag/science+books+for+7+year+olds,yes,https://www.braveheartspublishing.com/sitemap.xml,Squarespace sitemap inventory
https://www.braveheartspublishing.com/blog/tag/reading+tips,post,,"reading tips — Bridge Books, Reading Tips & Kids Adventure Books | Brave Hearts Publishing Blog — Brave Hearts Publishing",reading+tips,published,https://www.braveheartspublishing.com/blog/tag/reading+tips,yes,https://www.braveheartspublishing.com/sitemap.xml,Squarespace sitemap inventory
https://www.braveheartspublishing.com/blog/tag/ocean+chapter+books+for+kids,post,,"ocean chapter books for kids — Bridge Books, Reading Tips & Kids Adventure Books | Brave Hearts Publishing Blog — Brave Hearts Publishing",ocean+chapter+books+for+kids,published,https://www.braveheartspublishing.com/blog/tag/ocean+chapter+books+for+kids,yes,https://www.braveheartspublishing.com/sitemap.xml,Squarespace sitemap inventory
https://www.braveheartspublishing.com/blog/tag/stem+for+kids,post,,"stem for kids — Bridge Books, Reading Tips & Kids Adventure Books | Brave Hearts Publishing Blog — Brave Hearts Publishing",stem+for+kids,published,https://www.braveheartspublishing.com/blog/tag/stem+for+kids,yes,https://www.braveheartspublishing.com/sitemap.xml,Squarespace sitemap inventory
https://www.braveheartspublishing.com/blog/tag/Books+for+kids+ages+6-9,post,,"Books for kids ages 6-9 — Bridge Books, Reading Tips & Kids Adventure Books | Brave Hearts Publishing Blog — Brave Hearts Publishing",Books+for+kids+ages+6-9,published,https://www.braveheartspublishing.com/blog/tag/Books+for+kids+ages+6-9,yes,https://www.braveheartspublishing.com/sitemap.xml,Squarespace sitemap inventory
https://www.braveheartspublishing.com/blog/tag/adventure+science+books,post,,"adventure science books — Bridge Books, Reading Tips & Kids Adventure Books | Brave Hearts Publishing Blog — Brave Hearts Publishing",adventure+science+books,published,https://www.braveheartspublishing.com/blog/tag/adventure+science+books,yes,https://www.braveheartspublishing.com/sitemap.xml,Squarespace sitemap inventory
https://www.braveheartspublishing.com/blog/tag/Charlotte+and+Henry+Books,post,,"Charlotte and Henry Books — Bridge Books, Reading Tips & Kids Adventure Books | Brave Hearts Publishing Blog — Brave Hearts Publishing",Charlotte+and+Henry+Books,published,https://www.braveheartspublishing.com/blog/tag/Charlotte+and+Henry+Books,yes,https://www.braveheartspublishing.com/sitemap.xml,Squarespace sitemap inventory
https://www.braveheartspublishing.com/blog/tag/how+to+get+kids+to+read,post,,"how to get kids to read — Bridge Books, Reading Tips & Kids Adventure Books | Brave Hearts Publishing Blog — Brave Hearts Publishing",how+to+get+kids+to+read,published,https://www.braveheartspublishing.com/blog/tag/how+to+get+kids+to+read,yes,https://www.braveheartspublishing.com/sitemap.xml,Squarespace sitemap inventory
https://www.braveheartspublishing.com/blog/tag/science+chapter+books+for+kids,post,,"science chapter books for kids — Bridge Books, Reading Tips & Kids Adventure Books | Brave Hearts Publishing Blog — Brave Hearts Publishing",science+chapter+books+for+kids,published,https://www.braveheartspublishing.com/blog/tag/science+chapter+books+for+kids,yes,https://www.braveheartspublishing.com/sitemap.xml,Squarespace sitemap inventory
https://www.braveheartspublishing.com/blog/tag/mountain+books+for+kids,post,,"mountain books for kids — Bridge Books, Reading Tips & Kids Adventure Books | Brave Hearts Publishing Blog — Brave Hearts Publishing",mountain+books+for+kids,published,https://www.braveheartspublishing.com/blog/tag/mountain+books+for+kids,yes,https://www.braveheartspublishing.com/sitemap.xml,Squarespace sitemap inventory
https://www.braveheartspublishing.com/blog/tag/Mount+Everest,post,,"Mount Everest — Bridge Books, Reading Tips & Kids Adventure Books | Brave Hearts Publishing Blog — Brave Hearts Publishing",Mount+Everest,published,https://www.braveheartspublishing.com/blog/tag/Mount+Everest,yes,https://www.braveheartspublishing.com/sitemap.xml,Squarespace sitemap inventory
https://www.braveheartspublishing.com/blog/tag/elementary+read+aloud,post,,"elementary read aloud — Bridge Books, Reading Tips & Kids Adventure Books | Brave Hearts Publishing Blog — Brave Hearts Publishing",elementary+read+aloud,published,https://www.braveheartspublishing.com/blog/tag/elementary+read+aloud,yes,https://www.braveheartspublishing.com/sitemap.xml,Squarespace sitemap inventory
https://www.braveheartspublishing.com/blog/tag/is+my+child+behind+in+reading,post,,"is my child behind in reading — Bridge Books, Reading Tips & Kids Adventure Books | Brave Hearts Publishing Blog — Brave Hearts Publishing",is+my+child+behind+in+reading,published,https://www.braveheartspublishing.com/blog/tag/is+my+child+behind+in+reading,yes,https://www.braveheartspublishing.com/sitemap.xml,Squarespace sitemap inventory
https://www.braveheartspublishing.com/blog/tag/charlotte+and+henry,post,,"charlotte and henry — Bridge Books, Reading Tips & Kids Adventure Books | Brave Hearts Publishing Blog — Brave Hearts Publishing",charlotte+and+henry,published,https://www.braveheartspublishing.com/blog/tag/charlotte+and+henry,yes,https://www.braveheartspublishing.com/sitemap.xml,Squarespace sitemap inventory
https://www.braveheartspublishing.com/blog/tag/What+to+read+after+dog+man,post,,"What to read after dog man — Bridge Books, Reading Tips & Kids Adventure Books | Brave Hearts Publishing Blog — Brave Hearts Publishing",What+to+read+after+dog+man,published,https://www.braveheartspublishing.com/blog/tag/What+to+read+after+dog+man,yes,https://www.braveheartspublishing.com/sitemap.xml,Squarespace sitemap inventory
https://www.braveheartspublishing.com/blog/tag/science+facts,post,,"science facts — Bridge Books, Reading Tips & Kids Adventure Books | Brave Hearts Publishing Blog — Brave Hearts Publishing",science+facts,published,https://www.braveheartspublishing.com/blog/tag/science+facts,yes,https://www.braveheartspublishing.com/sitemap.xml,Squarespace sitemap inventory
https://www.braveheartspublishing.com/blog/tag/grades+1-3+read+aloud,post,,"grades 1-3 read aloud — Bridge Books, Reading Tips & Kids Adventure Books | Brave Hearts Publishing Blog — Brave Hearts Publishing",grades+1-3+read+aloud,published,https://www.braveheartspublishing.com/blog/tag/grades+1-3+read+aloud,yes,https://www.braveheartspublishing.com/sitemap.xml,Squarespace sitemap inventory
https://www.braveheartspublishing.com/blog/tag/books+for+kids+who+love+science,post,,"books for kids who love science — Bridge Books, Reading Tips & Kids Adventure Books | Brave Hearts Publishing Blog — Brave Hearts Publishing",books+for+kids+who+love+science,published,https://www.braveheartspublishing.com/blog/tag/books+for+kids+who+love+science,yes,https://www.braveheartspublishing.com/sitemap.xml,Squarespace sitemap inventory
https://www.braveheartspublishing.com/blog/tag/lexile+score,post,,"lexile score — Bridge Books, Reading Tips & Kids Adventure Books | Brave Hearts Publishing Blog — Brave Hearts Publishing",lexile+score,published,https://www.braveheartspublishing.com/blog/tag/lexile+score,yes,https://www.braveheartspublishing.com/sitemap.xml,Squarespace sitemap inventory
https://www.braveheartspublishing.com/blog/tag/kids+who+hate+reading,post,,"kids who hate reading — Bridge Books, Reading Tips & Kids Adventure Books | Brave Hearts Publishing Blog — Brave Hearts Publishing",kids+who+hate+reading,published,https://www.braveheartspublishing.com/blog/tag/kids+who+hate+reading,yes,https://www.braveheartspublishing.com/sitemap.xml,Squarespace sitemap inventory
https://www.braveheartspublishing.com/blog/tag/my+child+hates+reading,post,,"my child hates reading — Bridge Books, Reading Tips & Kids Adventure Books | Brave Hearts Publishing Blog — Brave Hearts Publishing",my+child+hates+reading,published,https://www.braveheartspublishing.com/blog/tag/my+child+hates+reading,yes,https://www.braveheartspublishing.com/sitemap.xml,Squarespace sitemap inventory
https://www.braveheartspublishing.com/blog/tag/adventure+books+for+kids,post,,"adventure books for kids — Bridge Books, Reading Tips & Kids Adventure Books | Brave Hearts Publishing Blog — Brave Hearts Publishing",adventure+books+for+kids,published,https://www.braveheartspublishing.com/blog/tag/adventure+books+for+kids,yes,https://www.braveheartspublishing.com/sitemap.xml,Squarespace sitemap inventory
https://www.braveheartspublishing.com/blog/tag/How+to+pick+a+read+aloud,post,,"How to pick a read aloud — Bridge Books, Reading Tips & Kids Adventure Books | Brave Hearts Publishing Blog — Brave Hearts Publishing",How+to+pick+a+read+aloud,published,https://www.braveheartspublishing.com/blog/tag/How+to+pick+a+read+aloud,yes,https://www.braveheartspublishing.com/sitemap.xml,Squarespace sitemap inventory
https://www.braveheartspublishing.com/blog/tag/read+aloud+tips,post,,"read aloud tips — Bridge Books, Reading Tips & Kids Adventure Books | Brave Hearts Publishing Blog — Brave Hearts Publishing",read+aloud+tips,published,https://www.braveheartspublishing.com/blog/tag/read+aloud+tips,yes,https://www.braveheartspublishing.com/sitemap.xml,Squarespace sitemap inventory
https://www.braveheartspublishing.com/blog/tag/classroom+visit,post,,"classroom visit — Bridge Books, Reading Tips & Kids Adventure Books | Brave Hearts Publishing Blog — Brave Hearts Publishing",classroom+visit,published,https://www.braveheartspublishing.com/blog/tag/classroom+visit,yes,https://www.braveheartspublishing.com/sitemap.xml,Squarespace sitemap inventory
https://www.braveheartspublishing.com/blog/tag/sea+adventure+books,post,,"sea adventure books — Bridge Books, Reading Tips & Kids Adventure Books | Brave Hearts Publishing Blog — Brave Hearts Publishing",sea+adventure+books,published,https://www.braveheartspublishing.com/blog/tag/sea+adventure+books,yes,https://www.braveheartspublishing.com/sitemap.xml,Squarespace sitemap inventory
https://www.braveheartspublishing.com/blog/tag/reading+level+by+grade,post,,"reading level by grade — Bridge Books, Reading Tips & Kids Adventure Books | Brave Hearts Publishing Blog — Brave Hearts Publishing",reading+level+by+grade,published,https://www.braveheartspublishing.com/blog/tag/reading+level+by+grade,yes,https://www.braveheartspublishing.com/sitemap.xml,Squarespace sitemap inventory
https://www.braveheartspublishing.com/blog/tag/books+like+magic+tree+house,post,,"books like magic tree house — Bridge Books, Reading Tips & Kids Adventure Books | Brave Hearts Publishing Blog — Brave Hearts Publishing",books+like+magic+tree+house,published,https://www.braveheartspublishing.com/blog/tag/books+like+magic+tree+house,yes,https://www.braveheartspublishing.com/sitemap.xml,Squarespace sitemap inventory
https://www.braveheartspublishing.com/blog/tag/Children%27s+Books,post,,"Children's Books — Bridge Books, Reading Tips & Kids Adventure Books | Brave Hearts Publishing Blog — Brave Hearts Publishing",Children%27s+Books,published,https://www.braveheartspublishing.com/blog/tag/Children%27s+Books,yes,https://www.braveheartspublishing.com/sitemap.xml,Squarespace sitemap inventory
https://www.braveheartspublishing.com/blog/tag/stem+books+for+kids+ages+6-9,post,,"stem books for kids ages 6-9 — Bridge Books, Reading Tips & Kids Adventure Books | Brave Hearts Publishing Blog — Brave Hearts Publishing",stem+books+for+kids+ages+6-9,published,https://www.braveheartspublishing.com/blog/tag/stem+books+for+kids+ages+6-9,yes,https://www.braveheartspublishing.com/sitemap.xml,Squarespace sitemap inventory
https://www.braveheartspublishing.com/blog/tag/children%27s+books,post,,"children's books — Bridge Books, Reading Tips & Kids Adventure Books | Brave Hearts Publishing Blog — Brave Hearts Publishing",children%27s+books,published,https://www.braveheartspublishing.com/blog/tag/children%27s+books,yes,https://www.braveheartspublishing.com/sitemap.xml,Squarespace sitemap inventory
https://www.braveheartspublishing.com/blog/tag/everest+for+kids,post,,"everest for kids — Bridge Books, Reading Tips & Kids Adventure Books | Brave Hearts Publishing Blog — Brave Hearts Publishing",everest+for+kids,published,https://www.braveheartspublishing.com/blog/tag/everest+for+kids,yes,https://www.braveheartspublishing.com/sitemap.xml,Squarespace sitemap inventory
https://www.braveheartspublishing.com/blog/tag/graphic+novel+to+chapter+books,post,,"graphic novel to chapter books — Bridge Books, Reading Tips & Kids Adventure Books | Brave Hearts Publishing Blog — Brave Hearts Publishing",graphic+novel+to+chapter+books,published,https://www.braveheartspublishing.com/blog/tag/graphic+novel+to+chapter+books,yes,https://www.braveheartspublishing.com/sitemap.xml,Squarespace sitemap inventory
https://www.braveheartspublishing.com/blog/tag/Kirkus+reviews+children%27s+book,post,,"Kirkus reviews children's book — Bridge Books, Reading Tips & Kids Adventure Books | Brave Hearts Publishing Blog — Brave Hearts Publishing",Kirkus+reviews+children%27s+book,published,https://www.braveheartspublishing.com/blog/tag/Kirkus+reviews+children%27s+book,yes,https://www.braveheartspublishing.com/sitemap.xml,Squarespace sitemap inventory
https://www.braveheartspublishing.com/blog/tag/reading+stamina,post,,"reading stamina — Bridge Books, Reading Tips & Kids Adventure Books | Brave Hearts Publishing Blog — Brave Hearts Publishing",reading+stamina,published,https://www.braveheartspublishing.com/blog/tag/reading+stamina,yes,https://www.braveheartspublishing.com/sitemap.xml,Squarespace sitemap inventory
https://www.braveheartspublishing.com/blog/tag/book+for+kids+ages+6-9,post,,"book for kids ages 6-9 — Bridge Books, Reading Tips & Kids Adventure Books | Brave Hearts Publishing Blog — Brave Hearts Publishing",book+for+kids+ages+6-9,published,https://www.braveheartspublishing.com/blog/tag/book+for+kids+ages+6-9,yes,https://www.braveheartspublishing.com/sitemap.xml,Squarespace sitemap inventory
https://www.braveheartspublishing.com/blog/tag/early+readers,post,,"early readers — Bridge Books, Reading Tips & Kids Adventure Books | Brave Hearts Publishing Blog — Brave Hearts Publishing",early+readers,published,https://www.braveheartspublishing.com/blog/tag/early+readers,yes,https://www.braveheartspublishing.com/sitemap.xml,Squarespace sitemap inventory
https://www.braveheartspublishing.com/blog/tag/3rd+grade+reading+level,post,,"3rd grade reading level — Bridge Books, Reading Tips & Kids Adventure Books | Brave Hearts Publishing Blog — Brave Hearts Publishing",3rd+grade+reading+level,published,https://www.braveheartspublishing.com/blog/tag/3rd+grade+reading+level,yes,https://www.braveheartspublishing.com/sitemap.xml,Squarespace sitemap inventory
https://www.braveheartspublishing.com/blog/tag/reading+transition,post,,"reading transition — Bridge Books, Reading Tips & Kids Adventure Books | Brave Hearts Publishing Blog — Brave Hearts Publishing",reading+transition,published,https://www.braveheartspublishing.com/blog/tag/reading+transition,yes,https://www.braveheartspublishing.com/sitemap.xml,Squarespace sitemap inventory
https://www.braveheartspublishing.com/blog/tag/children%27s+reading+stages,post,,"children's reading stages — Bridge Books, Reading Tips & Kids Adventure Books | Brave Hearts Publishing Blog — Brave Hearts Publishing",children%27s+reading+stages,published,https://www.braveheartspublishing.com/blog/tag/children%27s+reading+stages,yes,https://www.braveheartspublishing.com/sitemap.xml,Squarespace sitemap inventory
https://www.braveheartspublishing.com/blog/tag/Boise+Idaho,post,,"Boise Idaho — Bridge Books, Reading Tips & Kids Adventure Books | Brave Hearts Publishing Blog — Brave Hearts Publishing",Boise+Idaho,published,https://www.braveheartspublishing.com/blog/tag/Boise+Idaho,yes,https://www.braveheartspublishing.com/sitemap.xml,Squarespace sitemap inventory
https://www.braveheartspublishing.com/blog/tag/Mariana+Trench+Facts,post,,"Mariana Trench Facts — Bridge Books, Reading Tips & Kids Adventure Books | Brave Hearts Publishing Blog — Brave Hearts Publishing",Mariana+Trench+Facts,published,https://www.braveheartspublishing.com/blog/tag/Mariana+Trench+Facts,yes,https://www.braveheartspublishing.com/sitemap.xml,Squarespace sitemap inventory
https://www.braveheartspublishing.com/blog/tag/teacher+read+aloud,post,,"teacher read aloud — Bridge Books, Reading Tips & Kids Adventure Books | Brave Hearts Publishing Blog — Brave Hearts Publishing",teacher+read+aloud,published,https://www.braveheartspublishing.com/blog/tag/teacher+read+aloud,yes,https://www.braveheartspublishing.com/sitemap.xml,Squarespace sitemap inventory
https://www.braveheartspublishing.com/blog/tag/transitional+readers,post,,"transitional readers — Bridge Books, Reading Tips & Kids Adventure Books | Brave Hearts Publishing Blog — Brave Hearts Publishing",transitional+readers,published,https://www.braveheartspublishing.com/blog/tag/transitional+readers,yes,https://www.braveheartspublishing.com/sitemap.xml,Squarespace sitemap inventory
https://www.braveheartspublishing.com/blog/tag/books+for+boys+ages+6-9,post,,"books for boys ages 6-9 — Bridge Books, Reading Tips & Kids Adventure Books | Brave Hearts Publishing Blog — Brave Hearts Publishing",books+for+boys+ages+6-9,published,https://www.braveheartspublishing.com/blog/tag/books+for+boys+ages+6-9,yes,https://www.braveheartspublishing.com/sitemap.xml,Squarespace sitemap inventory
https://www.braveheartspublishing.com/blog/tag/nature+for+kids,post,,"nature for kids — Bridge Books, Reading Tips & Kids Adventure Books | Brave Hearts Publishing Blog — Brave Hearts Publishing",nature+for+kids,published,https://www.braveheartspublishing.com/blog/tag/nature+for+kids,yes,https://www.braveheartspublishing.com/sitemap.xml,Squarespace sitemap inventory
https://www.braveheartspublishing.com/blog/tag/grades+1-3,post,,"grades 1-3 — Bridge Books, Reading Tips & Kids Adventure Books | Brave Hearts Publishing Blog — Brave Hearts Publishing",grades+1-3,published,https://www.braveheartspublishing.com/blog/tag/grades+1-3,yes,https://www.braveheartspublishing.com/sitemap.xml,Squarespace sitemap inventory
https://www.braveheartspublishing.com/blog/tag/dog+man+next+book,post,,"dog man next book — Bridge Books, Reading Tips & Kids Adventure Books | Brave Hearts Publishing Blog — Brave Hearts Publishing",dog+man+next+book,published,https://www.braveheartspublishing.com/blog/tag/dog+man+next+book,yes,https://www.braveheartspublishing.com/sitemap.xml,Squarespace sitemap inventory
https://www.braveheartspublishing.com/home,page,,Brave Hearts Publishing | Bridge Books for Kids Ages 6–9,home,published,https://www.braveheartspublishing.com,yes,https://www.braveheartspublishing.com/sitemap.xml,Squarespace sitemap inventory
https://images.squarespace-cdn.com/content/v1/69a4852e7db0bc7e34bc3354/7c5f01ec-a2c4-4bfa-b1ef-13d0622713c5/E-Book+Cover+-+Final-+4-6-26.jpeg.jpg,page,,,E-Book+Cover+-+Final-+4-6-26.jpeg.jpg,published,,yes,https://www.braveheartspublishing.com/sitemap.xml,Squarespace sitemap inventory
https://images.squarespace-cdn.com/content/v1/69a4852e7db0bc7e34bc3354/a787e1c6-a0f9-4f85-bbd9-079a9becf4ec/Final+Ebook+Cover+4-10-26-+Everest.jpg,page,,,Final+Ebook+Cover+4-10-26-+Everest.jpg,published,,yes,https://www.braveheartspublishing.com/sitemap.xml,Squarespace sitemap inventory
https://images.squarespace-cdn.com/content/v1/69a4852e7db0bc7e34bc3354/949eeadf-f1dc-4f0f-b8b7-c183c5353a02/Andrew+and+Charlotte.jpg,page,,,Andrew+and+Charlotte.jpg,published,,yes,https://www.braveheartspublishing.com/sitemap.xml,Squarespace sitemap inventory
https://images.squarespace-cdn.com/content/v1/69a4852e7db0bc7e34bc3354/cccb6f01-5fd3-4a31-94de-1cfdf4c399a4/Children%27s+adventure+New+Cover+Text-+Cropped_upscayl_4x_upscayl-standard-4x.png,page,,,Children%27s+adventure+New+Cover+Text-+Cropped_upscayl_4x_upscayl-standard-4x.png,published,,yes,https://www.braveheartspublishing.com/sitemap.xml,Squarespace sitemap inventory
https://images.squarespace-cdn.com/content/v1/69a4852e7db0bc7e34bc3354/4b32f4e4-2bbd-4b58-85a1-9c8f8d9b6901/FUll+scene+Full+rough+OLDER.png,page,,,FUll+scene+Full+rough+OLDER.png,published,,yes,https://www.braveheartspublishing.com/sitemap.xml,Squarespace sitemap inventory
https://images.squarespace-cdn.com/content/v1/69a4852e7db0bc7e34bc3354/b3484e23-cd5f-4ec8-8e16-3d803c3f6285/C2+Half+Scene+Older-+trans.jpg,page,,,C2+Half+Scene+Older-+trans.jpg,published,,yes,https://www.braveheartspublishing.com/sitemap.xml,Squarespace sitemap inventory
https://images.squarespace-cdn.com/content/v1/69a4852e7db0bc7e34bc3354/62c80681-03f3-40b3-bdc2-b82443da03fb/C5+Half+Scene+Older+-+trans.jpg,page,,,C5+Half+Scene+Older+-+trans.jpg,published,,yes,https://www.braveheartspublishing.com/sitemap.xml,Squarespace sitemap inventory
https://images.squarespace-cdn.com/content/v1/69a4852e7db0bc7e34bc3354/ae636775-0bec-429b-971a-50168afc9426/C11+Challenger+Deep+-+Full+page+bleed.jpg,page,,,C11+Challenger+Deep+-+Full+page+bleed.jpg,published,,yes,https://www.braveheartspublishing.com/sitemap.xml,Squarespace sitemap inventory
https://www.braveheartspublishing.com/contact,page,,Contact Brave Hearts Publishing | Author Inquiries & School Visits — Brave Hearts Publishing,contact,published,https://www.braveheartspublishing.com/contact,yes,https://www.braveheartspublishing.com/sitemap.xml,Squarespace sitemap inventory
https://images.squarespace-cdn.com/content/v1/69a4852e7db0bc7e34bc3354/fa99bb61-4609-4bd4-aed7-bb6344e30719/Brave+Learning_upscayl_4x_upscayl-standard-4x.png,page,,,Brave+Learning_upscayl_4x_upscayl-standard-4x.png,published,,yes,https://www.braveheartspublishing.com/sitemap.xml,Squarespace sitemap inventory
https://images.squarespace-cdn.com/content/v1/69a4852e7db0bc7e34bc3354/7a1e849f-0a28-41ac-89fa-e1b21d4cc4eb/Brave+Learning+Resource+_upscayl_4x_upscayl-standard-4x-SMALL.jpg,page,,,Brave+Learning+Resource+_upscayl_4x_upscayl-standard-4x-SMALL.jpg,published,,yes,https://www.braveheartspublishing.com/sitemap.xml,Squarespace sitemap inventory
https://images.squarespace-cdn.com/content/v1/69a4852e7db0bc7e34bc3354/00756100-cb99-4461-862c-fea29f6a75b2/Mariana+trench+diagram-Resized-5.75x8.75-+With+margins_upscayl_4x_upscayl-standard-4x-+SMALL.jpg,page,,,Mariana+trench+diagram-Resized-5.75x8.75-+With+margins_upscayl_4x_upscayl-standard-4x-+SMALL.jpg,published,,yes,https://www.braveheartspublishing.com/sitemap.xml,Squarespace sitemap inventory
https://www.braveheartspublishing.com/books,page,,Adventures of Charlotte & Henry — Bridge Books for Kids Ages 6–9 — Brave Hearts Publishing,books,published,https://www.braveheartspublishing.com/books,yes,https://www.braveheartspublishing.com/sitemap.xml,Squarespace sitemap inventory
https://images.squarespace-cdn.com/content/v1/69a4852e7db0bc7e34bc3354/89616443-bca6-4b7c-a5fc-7ace152df74f/E-Book+Cover+-+Final-+4-6-26.jpeg.jpg,page,,,E-Book+Cover+-+Final-+4-6-26.jpeg.jpg,published,,yes,https://www.braveheartspublishing.com/sitemap.xml,Squarespace sitemap inventory
https://images.squarespace-cdn.com/content/v1/69a4852e7db0bc7e34bc3354/ae1a26aa-5bc8-44c2-b8e8-f26507a3ab1e/Final+Ebook+Cover+4-10-26-+Everest.jpg,page,,,Final+Ebook+Cover+4-10-26-+Everest.jpg,published,,yes,https://www.braveheartspublishing.com/sitemap.xml,Squarespace sitemap inventory
https://www.braveheartspublishing.com/teachers,page,,Free Teacher's Guide | Adventures of Charlotte and Henry: The Mariana Trench — Brave Hearts Publishing,teachers,published,https://www.braveheartspublishing.com/teachers,yes,https://www.braveheartspublishing.com/sitemap.xml,Squarespace sitemap inventory
https://images.squarespace-cdn.com/content/v1/69a4852e7db0bc7e34bc3354/d115aecd-a9e1-4edf-8a6a-81d5e36e1468/image15.jpeg,page,,,image15.jpeg,published,,yes,https://www.braveheartspublishing.com/sitemap.xml,Squarespace sitemap inventory
https://images.squarespace-cdn.com/content/v1/69a4852e7db0bc7e34bc3354/b45a263a-606b-44a0-b5c9-ab4d5d8486cd/image17.jpeg,page,,,image17.jpeg,published,,yes,https://www.braveheartspublishing.com/sitemap.xml,Squarespace sitemap inventory
https://images.squarespace-cdn.com/content/v1/69a4852e7db0bc7e34bc3354/f40f076a-d9e2-4a15-afb7-4d81afa4f143/image10.jpeg,page,,,image10.jpeg,published,,yes,https://www.braveheartspublishing.com/sitemap.xml,Squarespace sitemap inventory
https://images.squarespace-cdn.com/content/v1/69a4852e7db0bc7e34bc3354/fcffcc1f-ef71-4902-99d3-b7eca28962b4/image8.jpeg,page,,,image8.jpeg,published,,yes,https://www.braveheartspublishing.com/sitemap.xml,Squarespace sitemap inventory
https://images.squarespace-cdn.com/content/v1/69a4852e7db0bc7e34bc3354/a7e60701-871a-42be-a455-8fd70d980e5e/Screenshot+2026-03-19+17.58.08.png,page,,,Screenshot+2026-03-19+17.58.08.png,published,,yes,https://www.braveheartspublishing.com/sitemap.xml,Squarespace sitemap inventory
https://images.squarespace-cdn.com/content/v1/69a4852e7db0bc7e34bc3354/e5d88ccd-1805-4895-9df7-a4b18dbc8a0f/C10+The+Dive+Half+Scene.jpg,page,,,C10+The+Dive+Half+Scene.jpg,published,,yes,https://www.braveheartspublishing.com/sitemap.xml,Squarespace sitemap inventory
https://images.squarespace-cdn.com/content/v1/69a4852e7db0bc7e34bc3354/25855020-20ee-4015-be71-f20db1b336d1/Screenshot+2026-03-19+17.58.40_upscayl_4x_upscayl-standard-4x.png,page,,,Screenshot+2026-03-19+17.58.40_upscayl_4x_upscayl-standard-4x.png,published,,yes,https://www.braveheartspublishing.com/sitemap.xml,Squarespace sitemap inventory
https://images.squarespace-cdn.com/content/v1/69a4852e7db0bc7e34bc3354/e20c56db-28bd-4679-8941-c3fff9a81023/Screenshot+2026-03-19+17.59.08_upscayl_4x_upscayl-standard-4x.png,page,,,Screenshot+2026-03-19+17.59.08_upscayl_4x_upscayl-standard-4x.png,published,,yes,https://www.braveheartspublishing.com/sitemap.xml,Squarespace sitemap inventory
https://www.braveheartspublishing.com/bridge-books,page,,Bridge Books for Kids Ages 6–9 | The Parent's Complete Guide — Brave Hearts Publishing,bridge-books,published,https://www.braveheartspublishing.com/bridge-books,yes,https://www.braveheartspublishing.com/sitemap.xml,Squarespace sitemap inventory
https://images.squarespace-cdn.com/content/v1/69a4852e7db0bc7e34bc3354/804f2ec8-d347-4cf6-bc6b-15049b574ad7/Best+Bridge+Books+for+Kids+Pin.png,page,,,Best+Bridge+Books+for+Kids+Pin.png,published,,yes,https://www.braveheartspublishing.com/sitemap.xml,Squarespace sitemap inventory
https://www.braveheartspublishing.com/reading-levels,page,,Reading Levels & Lexile Scores — A Parent's Plain-English Guide — Brave Hearts Publishing,reading-levels,published,https://www.braveheartspublishing.com/reading-levels,yes,https://www.braveheartspublishing.com/sitemap.xml,Squarespace sitemap inventory
https://images.squarespace-cdn.com/content/v1/69a4852e7db0bc7e34bc3354/d0b13222-266a-4b99-a9fe-5ae95135f61d/What+is+a+Lexile.png,page,,,What+is+a+Lexile.png,published,,yes,https://www.braveheartspublishing.com/sitemap.xml,Squarespace sitemap inventory
https://www.braveheartspublishing.com/mariana-trench,page,,"Mariana Trench & Ocean Science for Kids — Facts, Books & Adventures — Brave Hearts Publishing",mariana-trench,published,https://www.braveheartspublishing.com/mariana-trench,yes,https://www.braveheartspublishing.com/sitemap.xml,Squarespace sitemap inventory
https://images.squarespace-cdn.com/content/v1/69a4852e7db0bc7e34bc3354/2d6830f2-530b-4785-82e9-043191e5e58c/Mariana+Trench+For+Kids+2.png,page,,,Mariana+Trench+For+Kids+2.png,published,,yes,https://www.braveheartspublishing.com/sitemap.xml,Squarespace sitemap inventory
https://www.braveheartspublishing.com/reluctant-readers,page,,My Child Hates Reading — What Actually Works | Brave Hearts Publishing — Brave Hearts Publishing,reluctant-readers,published,https://www.braveheartspublishing.com/reluctant-readers,yes,https://www.braveheartspublishing.com/sitemap.xml,Squarespace sitemap inventory
https://images.squarespace-cdn.com/content/v1/69a4852e7db0bc7e34bc3354/cf0f3391-c1dc-490f-91d2-cba1ac97c63f/Outgrew+picture+books+-+Pin.png,page,,,Outgrew+picture+books+-+Pin.png,published,,yes,https://www.braveheartspublishing.com/sitemap.xml,Squarespace sitemap inventory
https://www.braveheartspublishing.com/read-alouds,page,,Best Read-Aloud Books for Grades 1–3 | Brave Hearts Publishing — Brave Hearts Publishing,read-alouds,published,https://www.braveheartspublishing.com/read-alouds,yes,https://www.braveheartspublishing.com/sitemap.xml,Squarespace sitemap inventory
https://images.squarespace-cdn.com/content/v1/69a4852e7db0bc7e34bc3354/92a3de6b-8ac2-4e75-83c6-a302257fd4f8/The+Best+Read+Aloud+Books+For+the+Classroom.png,page,,,The+Best+Read+Aloud+Books+For+the+Classroom.png,published,,yes,https://www.braveheartspublishing.com/sitemap.xml,Squarespace sitemap inventory
https://www.braveheartspublishing.com/store,page,,Store 2 — Brave Hearts Publishing,store,published,https://www.braveheartspublishing.com/store,yes,https://www.braveheartspublishing.com/sitemap.xml,Squarespace sitemap inventory
