old_url,clicks,impressions,backlinks,current_rank_signal,migration_priority,notes
https://www.braveheartspublishing.com/blog,unavailable,unavailable,unavailable,sitemap-listed,manual review,GSC/Analytics/backlink data unavailable
https://www.braveheartspublishing.com/blog/science-books-for-kids-that-feel-like-adventures,unavailable,unavailable,unavailable,sitemap-listed,manual review,GSC/Analytics/backlink data unavailable
https://www.braveheartspublishing.com/blog/dog-man-to-magic-tree-house-reading-roadmap,unavailable,unavailable,unavailable,sitemap-listed,manual review,GSC/Analytics/backlink data unavailable
https://www.braveheartspublishing.com/blog/kirkus-review-adventures-of-charlotte-and-henry,unavailable,unavailable,unavailable,sitemap-listed,manual review,GSC/Analytics/backlink data unavailable
https://www.braveheartspublishing.com/blog/what-to-read-after-dog-man,unavailable,unavailable,unavailable,sitemap-listed,manual review,GSC/Analytics/backlink data unavailable
https://www.braveheartspublishing.com/blog/best-books-for-7-year-olds,unavailable,unavailable,unavailable,sitemap-listed,manual review,GSC/Analytics/backlink data unavailable
https://www.braveheartspublishing.com/blog/best-summer-reading-books-for-kids-ages-6-9,unavailable,unavailable,unavailable,sitemap-listed,manual review,GSC/Analytics/backlink data unavailable
https://www.braveheartspublishing.com/blog/books-like-magic-tree-house,unavailable,unavailable,unavailable,sitemap-listed,manual review,GSC/Analytics/backlink data unavailable
https://www.braveheartspublishing.com/blog/gap-between-picture-books-and-chapter-books,unavailable,unavailable,unavailable,sitemap-listed,manual review,GSC/Analytics/backlink data unavailable
https://www.braveheartspublishing.com/blog/why-i-wrote-this-book,unavailable,unavailable,unavailable,sitemap-listed,manual review,GSC/Analytics/backlink data unavailable
https://www.braveheartspublishing.com/blog/finding-right-books-with-lexile-score,unavailable,unavailable,unavailable,sitemap-listed,manual review,GSC/Analytics/backlink data unavailable
https://www.braveheartspublishing.com/blog/mount-everest-facts-for-kids,unavailable,unavailable,unavailable,sitemap-listed,manual review,GSC/Analytics/backlink data unavailable
https://www.braveheartspublishing.com/blog/bridge-books-for-struggling-readers,unavailable,unavailable,unavailable,sitemap-listed,manual review,GSC/Analytics/backlink data unavailable
https://www.braveheartspublishing.com/blog/my-child-hates-reading-what-to-do,unavailable,unavailable,unavailable,sitemap-listed,manual review,GSC/Analytics/backlink data unavailable
https://www.braveheartspublishing.com/blog/how-to-pick-a-read-aloud-book,unavailable,unavailable,unavailable,sitemap-listed,manual review,GSC/Analytics/backlink data unavailable
https://www.braveheartspublishing.com/blog/reading-level-by-grade-chart,unavailable,unavailable,unavailable,sitemap-listed,manual review,GSC/Analytics/backlink data unavailable
https://www.braveheartspublishing.com/blog/what-is-the-mariana-trench-for-kids,unavailable,unavailable,unavailable,sitemap-listed,manual review,GSC/Analytics/backlink data unavailable
https://www.braveheartspublishing.com/blog/best-read-aloud-books-for-classroom-grades-1-3,unavailable,unavailable,unavailable,sitemap-listed,manual review,GSC/Analytics/backlink data unavailable
https://www.braveheartspublishing.com/blog/my-child-got-a-lexile-score-now-what,unavailable,unavailable,unavailable,sitemap-listed,manual review,GSC/Analytics/backlink data unavailable
https://www.braveheartspublishing.com/blog/teacher-appreciation-week-thank-you,unavailable,unavailable,unavailable,sitemap-listed,manual review,GSC/Analytics/backlink data unavailable
https://www.braveheartspublishing.com/blog/what-is-a-lexile-score,unavailable,unavailable,unavailable,sitemap-listed,manual review,GSC/Analytics/backlink data unavailable
https://www.braveheartspublishing.com/blog/top-bridge-books-for-kids,unavailable,unavailable,unavailable,sitemap-listed,manual review,GSC/Analytics/backlink data unavailable
https://www.braveheartspublishing.com/blog/bridge-books-for-kids,unavailable,unavailable,unavailable,sitemap-listed,manual review,GSC/Analytics/backlink data unavailable
https://www.braveheartspublishing.com/blog/best-ocean-books-for-kids-ages-6-9,unavailable,unavailable,unavailable,sitemap-listed,manual review,GSC/Analytics/backlink data unavailable
https://www.braveheartspublishing.com/blog/mariana-trench-facts-for-kids,unavailable,unavailable,unavailable,sitemap-listed,manual review,GSC/Analytics/backlink data unavailable
https://www.braveheartspublishing.com/blog/what-are-bridge-books-guide-for-parents-and-teachers,unavailable,unavailable,unavailable,sitemap-listed,manual review,GSC/Analytics/backlink data unavailable
https://www.braveheartspublishing.com/blog/bridge-books-for-early-readers,unavailable,unavailable,unavailable,sitemap-listed,manual review,GSC/Analytics/backlink data unavailable
https://www.braveheartspublishing.com/blog/bridge-books-for-kids-mount-everest,unavailable,unavailable,unavailable,sitemap-listed,manual review,GSC/Analytics/backlink data unavailable
https://www.braveheartspublishing.com/blog/best-early-chapter-books-for-6-year-olds,unavailable,unavailable,unavailable,sitemap-listed,manual review,GSC/Analytics/backlink data unavailable
https://www.braveheartspublishing.com/blog/free-teachers-guide-mariana-trench,unavailable,unavailable,unavailable,sitemap-listed,manual review,GSC/Analytics/backlink data unavailable
https://www.braveheartspublishing.com/blog/first-real-chapter-book-for-kids,unavailable,unavailable,unavailable,sitemap-listed,manual review,GSC/Analytics/backlink data unavailable
https://www.braveheartspublishing.com/blog/best-bridge-books-for-kids,unavailable,unavailable,unavailable,sitemap-listed,manual review,GSC/Analytics/backlink data unavailable
https://images.squarespace-cdn.com/content/v1/69a4852e7db0bc7e34bc3354/3e53f823-cbcb-4d24-a614-330be2720b3a/Call+out+-+600+px_upscayl_3x_upscayl-standard-4x.png,unavailable,unavailable,unavailable,sitemap-listed,manual review,GSC/Analytics/backlink data unavailable
https://www.braveheartspublishing.com/blog/how-deep-is-the-mariana-trench-for-kids,unavailable,unavailable,unavailable,sitemap-listed,manual review,GSC/Analytics/backlink data unavailable
https://www.braveheartspublishing.com/blog/adventure-books-for-kids-ages-6-9,unavailable,unavailable,unavailable,sitemap-listed,manual review,GSC/Analytics/backlink data unavailable
https://www.braveheartspublishing.com/blog/how-stories-build-resilience-in-children,unavailable,unavailable,unavailable,sitemap-listed,manual review,GSC/Analytics/backlink data unavailable
https://www.braveheartspublishing.com/blog/why-stem-storytelling-builds-braver-kids,unavailable,unavailable,unavailable,sitemap-listed,manual review,GSC/Analytics/backlink data unavailable
https://www.braveheartspublishing.com/blog/category/Reluctant+Readers,unavailable,unavailable,unavailable,sitemap-listed,manual review,GSC/Analytics/backlink data unavailable
https://www.braveheartspublishing.com/blog/category/science+for+kids,unavailable,unavailable,unavailable,sitemap-listed,manual review,GSC/Analytics/backlink data unavailable
https://www.braveheartspublishing.com/blog/category/Early+Readers,unavailable,unavailable,unavailable,sitemap-listed,manual review,GSC/Analytics/backlink data unavailable
https://www.braveheartspublishing.com/blog/category/Reading+Tips+for+Parents,unavailable,unavailable,unavailable,sitemap-listed,manual review,GSC/Analytics/backlink data unavailable
https://www.braveheartspublishing.com/blog/category/Adventure+Book+Recommendations,unavailable,unavailable,unavailable,sitemap-listed,manual review,GSC/Analytics/backlink data unavailable
https://www.braveheartspublishing.com/blog/category/Ocean+Science,unavailable,unavailable,unavailable,sitemap-listed,manual review,GSC/Analytics/backlink data unavailable
https://www.braveheartspublishing.com/blog/category/Bridge+Books,unavailable,unavailable,unavailable,sitemap-listed,manual review,GSC/Analytics/backlink data unavailable
https://www.braveheartspublishing.com/blog/category/Author+Life,unavailable,unavailable,unavailable,sitemap-listed,manual review,GSC/Analytics/backlink data unavailable
https://www.braveheartspublishing.com/blog/category/The+Mariana+Trench,unavailable,unavailable,unavailable,sitemap-listed,manual review,GSC/Analytics/backlink data unavailable
https://www.braveheartspublishing.com/blog/category/Reading+Development,unavailable,unavailable,unavailable,sitemap-listed,manual review,GSC/Analytics/backlink data unavailable
https://www.braveheartspublishing.com/blog/category/Reading+Lists,unavailable,unavailable,unavailable,sitemap-listed,manual review,GSC/Analytics/backlink data unavailable
https://www.braveheartspublishing.com/blog/category/Read+alouds,unavailable,unavailable,unavailable,sitemap-listed,manual review,GSC/Analytics/backlink data unavailable
https://www.braveheartspublishing.com/blog/category/Age-Specific+Reading+Lists,unavailable,unavailable,unavailable,sitemap-listed,manual review,GSC/Analytics/backlink data unavailable
https://www.braveheartspublishing.com/blog/category/Summer+Reading,unavailable,unavailable,unavailable,sitemap-listed,manual review,GSC/Analytics/backlink data unavailable
https://www.braveheartspublishing.com/blog/category/Teacher+Resources,unavailable,unavailable,unavailable,sitemap-listed,manual review,GSC/Analytics/backlink data unavailable
https://www.braveheartspublishing.com/blog/category/children%27s+books,unavailable,unavailable,unavailable,sitemap-listed,manual review,GSC/Analytics/backlink data unavailable
https://www.braveheartspublishing.com/blog/category/Adventure,unavailable,unavailable,unavailable,sitemap-listed,manual review,GSC/Analytics/backlink data unavailable
https://www.braveheartspublishing.com/blog/category/Classroom+Resources,unavailable,unavailable,unavailable,sitemap-listed,manual review,GSC/Analytics/backlink data unavailable
https://www.braveheartspublishing.com/blog/category/Reading+Tips,unavailable,unavailable,unavailable,sitemap-listed,manual review,GSC/Analytics/backlink data unavailable
https://www.braveheartspublishing.com/blog/category/Book+recommendations,unavailable,unavailable,unavailable,sitemap-listed,manual review,GSC/Analytics/backlink data unavailable
https://www.braveheartspublishing.com/blog/category/STEM,unavailable,unavailable,unavailable,sitemap-listed,manual review,GSC/Analytics/backlink data unavailable
https://www.braveheartspublishing.com/blog/category/Reading+Levels+%26+Lexile,unavailable,unavailable,unavailable,sitemap-listed,manual review,GSC/Analytics/backlink data unavailable
https://www.braveheartspublishing.com/blog/category/Reading+Help+for+Parents,unavailable,unavailable,unavailable,sitemap-listed,manual review,GSC/Analytics/backlink data unavailable
https://www.braveheartspublishing.com/blog/category/Book+News,unavailable,unavailable,unavailable,sitemap-listed,manual review,GSC/Analytics/backlink data unavailable
https://www.braveheartspublishing.com/blog/category/Books+for+Kids,unavailable,unavailable,unavailable,sitemap-listed,manual review,GSC/Analytics/backlink data unavailable
https://www.braveheartspublishing.com/blog/category/Ages+6-9,unavailable,unavailable,unavailable,sitemap-listed,manual review,GSC/Analytics/backlink data unavailable
https://www.braveheartspublishing.com/blog/tag/Read+aloud+books,unavailable,unavailable,unavailable,sitemap-listed,manual review,GSC/Analytics/backlink data unavailable
https://www.braveheartspublishing.com/blog/tag/early+readers+ages+6-9,unavailable,unavailable,unavailable,sitemap-listed,manual review,GSC/Analytics/backlink data unavailable
https://www.braveheartspublishing.com/blog/tag/Deep+sea,unavailable,unavailable,unavailable,sitemap-listed,manual review,GSC/Analytics/backlink data unavailable
https://www.braveheartspublishing.com/blog/tag/marine+science,unavailable,unavailable,unavailable,sitemap-listed,manual review,GSC/Analytics/backlink data unavailable
https://www.braveheartspublishing.com/blog/tag/Mariana+Trench,unavailable,unavailable,unavailable,sitemap-listed,manual review,GSC/Analytics/backlink data unavailable
https://www.braveheartspublishing.com/blog/tag/bridge+books,unavailable,unavailable,unavailable,sitemap-listed,manual review,GSC/Analytics/backlink data unavailable
https://www.braveheartspublishing.com/blog/tag/reading+level,unavailable,unavailable,unavailable,sitemap-listed,manual review,GSC/Analytics/backlink data unavailable
https://www.braveheartspublishing.com/blog/tag/reading+help+ages+6-9,unavailable,unavailable,unavailable,sitemap-listed,manual review,GSC/Analytics/backlink data unavailable
https://www.braveheartspublishing.com/blog/tag/books+for+first+graders,unavailable,unavailable,unavailable,sitemap-listed,manual review,GSC/Analytics/backlink data unavailable
https://www.braveheartspublishing.com/blog/tag/reading+help+for+parents,unavailable,unavailable,unavailable,sitemap-listed,manual review,GSC/Analytics/backlink data unavailable
https://www.braveheartspublishing.com/blog/tag/Bridge+Books,unavailable,unavailable,unavailable,sitemap-listed,manual review,GSC/Analytics/backlink data unavailable
https://www.braveheartspublishing.com/blog/tag/summer+books+for+kids,unavailable,unavailable,unavailable,sitemap-listed,manual review,GSC/Analytics/backlink data unavailable
https://www.braveheartspublishing.com/blog/tag/picture+books+to+chapter+books,unavailable,unavailable,unavailable,sitemap-listed,manual review,GSC/Analytics/backlink data unavailable
https://www.braveheartspublishing.com/blog/tag/Summer+Reading+List,unavailable,unavailable,unavailable,sitemap-listed,manual review,GSC/Analytics/backlink data unavailable
https://www.braveheartspublishing.com/blog/tag/Adventures+of+Charlotte+and+Henry,unavailable,unavailable,unavailable,sitemap-listed,manual review,GSC/Analytics/backlink data unavailable
https://www.braveheartspublishing.com/blog/tag/Lexile+score,unavailable,unavailable,unavailable,sitemap-listed,manual review,GSC/Analytics/backlink data unavailable
https://www.braveheartspublishing.com/blog/tag/geography+for+kids,unavailable,unavailable,unavailable,sitemap-listed,manual review,GSC/Analytics/backlink data unavailable
https://www.braveheartspublishing.com/blog/tag/Summer+Reading,unavailable,unavailable,unavailable,sitemap-listed,manual review,GSC/Analytics/backlink data unavailable
https://www.braveheartspublishing.com/blog/tag/sea+books+for+kids,unavailable,unavailable,unavailable,sitemap-listed,manual review,GSC/Analytics/backlink data unavailable
https://www.braveheartspublishing.com/blog/tag/elementary+teacher,unavailable,unavailable,unavailable,sitemap-listed,manual review,GSC/Analytics/backlink data unavailable
https://www.braveheartspublishing.com/blog/tag/ages+6-9,unavailable,unavailable,unavailable,sitemap-listed,manual review,GSC/Analytics/backlink data unavailable
https://www.braveheartspublishing.com/blog/tag/bridge+books+for+kids,unavailable,unavailable,unavailable,sitemap-listed,manual review,GSC/Analytics/backlink data unavailable
https://www.braveheartspublishing.com/blog/tag/reading+confidence,unavailable,unavailable,unavailable,sitemap-listed,manual review,GSC/Analytics/backlink data unavailable
https://www.braveheartspublishing.com/blog/tag/Reading+Tips,unavailable,unavailable,unavailable,sitemap-listed,manual review,GSC/Analytics/backlink data unavailable
https://www.braveheartspublishing.com/blog/tag/Andrew+Signore,unavailable,unavailable,unavailable,sitemap-listed,manual review,GSC/Analytics/backlink data unavailable
https://www.braveheartspublishing.com/blog/tag/Children%27s+Book+Author,unavailable,unavailable,unavailable,sitemap-listed,manual review,GSC/Analytics/backlink data unavailable
https://www.braveheartspublishing.com/blog/tag/read+aloud+for+kids,unavailable,unavailable,unavailable,sitemap-listed,manual review,GSC/Analytics/backlink data unavailable
https://www.braveheartspublishing.com/blog/tag/reading+motivation,unavailable,unavailable,unavailable,sitemap-listed,manual review,GSC/Analytics/backlink data unavailable
https://www.braveheartspublishing.com/blog/tag/reading+development,unavailable,unavailable,unavailable,sitemap-listed,manual review,GSC/Analytics/backlink data unavailable
https://www.braveheartspublishing.com/blog/tag/facts+for+kids,unavailable,unavailable,unavailable,sitemap-listed,manual review,GSC/Analytics/backlink data unavailable
https://www.braveheartspublishing.com/blog/tag/read+aloud,unavailable,unavailable,unavailable,sitemap-listed,manual review,GSC/Analytics/backlink data unavailable
https://www.braveheartspublishing.com/blog/tag/kids+who+love+graphic+novels,unavailable,unavailable,unavailable,sitemap-listed,manual review,GSC/Analytics/backlink data unavailable
https://www.braveheartspublishing.com/blog/tag/struggling+readers,unavailable,unavailable,unavailable,sitemap-listed,manual review,GSC/Analytics/backlink data unavailable
https://www.braveheartspublishing.com/blog/tag/best+read+aloud+books,unavailable,unavailable,unavailable,sitemap-listed,manual review,GSC/Analytics/backlink data unavailable
https://www.braveheartspublishing.com/blog/tag/best+kids+books,unavailable,unavailable,unavailable,sitemap-listed,manual review,GSC/Analytics/backlink data unavailable
https://www.braveheartspublishing.com/blog/tag/summer+slide,unavailable,unavailable,unavailable,sitemap-listed,manual review,GSC/Analytics/backlink data unavailable
https://www.braveheartspublishing.com/blog/tag/7+year+old+books,unavailable,unavailable,unavailable,sitemap-listed,manual review,GSC/Analytics/backlink data unavailable
https://www.braveheartspublishing.com/blog/tag/Kids+reading+level,unavailable,unavailable,unavailable,sitemap-listed,manual review,GSC/Analytics/backlink data unavailable
https://www.braveheartspublishing.com/blog/tag/next+step+after+graphic+novels,unavailable,unavailable,unavailable,sitemap-listed,manual review,GSC/Analytics/backlink data unavailable
https://www.braveheartspublishing.com/blog/tag/Ages+6-9,unavailable,unavailable,unavailable,sitemap-listed,manual review,GSC/Analytics/backlink data unavailable
https://www.braveheartspublishing.com/blog/tag/funny+books+for+kids,unavailable,unavailable,unavailable,sitemap-listed,manual review,GSC/Analytics/backlink data unavailable
https://www.braveheartspublishing.com/blog/tag/reading+progression+kids,unavailable,unavailable,unavailable,sitemap-listed,manual review,GSC/Analytics/backlink data unavailable
https://www.braveheartspublishing.com/blog/tag/science+books+for+kids,unavailable,unavailable,unavailable,sitemap-listed,manual review,GSC/Analytics/backlink data unavailable
https://www.braveheartspublishing.com/blog/tag/classroom+resources,unavailable,unavailable,unavailable,sitemap-listed,manual review,GSC/Analytics/backlink data unavailable
https://www.braveheartspublishing.com/blog/tag/kids+science,unavailable,unavailable,unavailable,sitemap-listed,manual review,GSC/Analytics/backlink data unavailable
https://www.braveheartspublishing.com/blog/tag/reluctant+readers,unavailable,unavailable,unavailable,sitemap-listed,manual review,GSC/Analytics/backlink data unavailable
https://www.braveheartspublishing.com/blog/tag/books+for+7+year+olds,unavailable,unavailable,unavailable,sitemap-listed,manual review,GSC/Analytics/backlink data unavailable
https://www.braveheartspublishing.com/blog/tag/graphic+novels+for+kids,unavailable,unavailable,unavailable,sitemap-listed,manual review,GSC/Analytics/backlink data unavailable
https://www.braveheartspublishing.com/blog/tag/kids+books+age+7,unavailable,unavailable,unavailable,sitemap-listed,manual review,GSC/Analytics/backlink data unavailable
https://www.braveheartspublishing.com/blog/tag/Brave+Hearts+Publishing,unavailable,unavailable,unavailable,sitemap-listed,manual review,GSC/Analytics/backlink data unavailable
https://www.braveheartspublishing.com/blog/tag/Kirkus+Review,unavailable,unavailable,unavailable,sitemap-listed,manual review,GSC/Analytics/backlink data unavailable
https://www.braveheartspublishing.com/blog/tag/early+chapter+books,unavailable,unavailable,unavailable,sitemap-listed,manual review,GSC/Analytics/backlink data unavailable
https://www.braveheartspublishing.com/blog/tag/reading+levels+chart,unavailable,unavailable,unavailable,sitemap-listed,manual review,GSC/Analytics/backlink data unavailable
https://www.braveheartspublishing.com/blog/tag/kids+reading+help,unavailable,unavailable,unavailable,sitemap-listed,manual review,GSC/Analytics/backlink data unavailable
https://www.braveheartspublishing.com/blog/tag/lexile+explained,unavailable,unavailable,unavailable,sitemap-listed,manual review,GSC/Analytics/backlink data unavailable
https://www.braveheartspublishing.com/blog/tag/Why+I+wrote+this+book,unavailable,unavailable,unavailable,sitemap-listed,manual review,GSC/Analytics/backlink data unavailable
https://www.braveheartspublishing.com/blog/tag/best+books+for+7+year+olds,unavailable,unavailable,unavailable,sitemap-listed,manual review,GSC/Analytics/backlink data unavailable
https://www.braveheartspublishing.com/blog/tag/how+to+use+lexile+score,unavailable,unavailable,unavailable,sitemap-listed,manual review,GSC/Analytics/backlink data unavailable
https://www.braveheartspublishing.com/blog/tag/find+books+by+lexile+level,unavailable,unavailable,unavailable,sitemap-listed,manual review,GSC/Analytics/backlink data unavailable
https://www.braveheartspublishing.com/blog/tag/books+for+second+graders,unavailable,unavailable,unavailable,sitemap-listed,manual review,GSC/Analytics/backlink data unavailable
https://www.braveheartspublishing.com/blog/tag/lexile+score+by+grade+level,unavailable,unavailable,unavailable,sitemap-listed,manual review,GSC/Analytics/backlink data unavailable
https://www.braveheartspublishing.com/blog/tag/reading+roadmap,unavailable,unavailable,unavailable,sitemap-listed,manual review,GSC/Analytics/backlink data unavailable
https://www.braveheartspublishing.com/blog/tag/bridge+books+from+graphic+novels,unavailable,unavailable,unavailable,sitemap-listed,manual review,GSC/Analytics/backlink data unavailable
https://www.braveheartspublishing.com/blog/tag/kids+books,unavailable,unavailable,unavailable,sitemap-listed,manual review,GSC/Analytics/backlink data unavailable
https://www.braveheartspublishing.com/blog/tag/elementary+classroom,unavailable,unavailable,unavailable,sitemap-listed,manual review,GSC/Analytics/backlink data unavailable
https://www.braveheartspublishing.com/blog/tag/chapter+books+for+kids,unavailable,unavailable,unavailable,sitemap-listed,manual review,GSC/Analytics/backlink data unavailable
https://www.braveheartspublishing.com/blog/tag/chapter+books+for+beginners,unavailable,unavailable,unavailable,sitemap-listed,manual review,GSC/Analytics/backlink data unavailable
https://www.braveheartspublishing.com/blog/tag/magic+tree+house+alternatives,unavailable,unavailable,unavailable,sitemap-listed,manual review,GSC/Analytics/backlink data unavailable
https://www.braveheartspublishing.com/blog/tag/gap+between+picture+books+and+chapter+books,unavailable,unavailable,unavailable,sitemap-listed,manual review,GSC/Analytics/backlink data unavailable
https://www.braveheartspublishing.com/blog/tag/Ocean+Facts,unavailable,unavailable,unavailable,sitemap-listed,manual review,GSC/Analytics/backlink data unavailable
https://www.braveheartspublishing.com/blog/tag/classroom+read+aloud,unavailable,unavailable,unavailable,sitemap-listed,manual review,GSC/Analytics/backlink data unavailable
https://www.braveheartspublishing.com/blog/tag/science+books+for+8+year+olds,unavailable,unavailable,unavailable,sitemap-listed,manual review,GSC/Analytics/backlink data unavailable
https://www.braveheartspublishing.com/blog/tag/stem+books,unavailable,unavailable,unavailable,sitemap-listed,manual review,GSC/Analytics/backlink data unavailable
https://www.braveheartspublishing.com/blog/tag/books+like+dog+man,unavailable,unavailable,unavailable,sitemap-listed,manual review,GSC/Analytics/backlink data unavailable
https://www.braveheartspublishing.com/blog/tag/ocean+books+for+kids,unavailable,unavailable,unavailable,sitemap-listed,manual review,GSC/Analytics/backlink data unavailable
https://www.braveheartspublishing.com/blog/tag/Early+Readers,unavailable,unavailable,unavailable,sitemap-listed,manual review,GSC/Analytics/backlink data unavailable
https://www.braveheartspublishing.com/blog/tag/Origin+Story,unavailable,unavailable,unavailable,sitemap-listed,manual review,GSC/Analytics/backlink data unavailable
https://www.braveheartspublishing.com/blog/tag/reading+list+for+kids,unavailable,unavailable,unavailable,sitemap-listed,manual review,GSC/Analytics/backlink data unavailable
https://www.braveheartspublishing.com/blog/tag/teacher+appreciation+week,unavailable,unavailable,unavailable,sitemap-listed,manual review,GSC/Analytics/backlink data unavailable
https://www.braveheartspublishing.com/blog/tag/Mariana+Trench+Book,unavailable,unavailable,unavailable,sitemap-listed,manual review,GSC/Analytics/backlink data unavailable
https://www.braveheartspublishing.com/blog/tag/children%27s+book+review,unavailable,unavailable,unavailable,sitemap-listed,manual review,GSC/Analytics/backlink data unavailable
https://www.braveheartspublishing.com/blog/tag/bridge+books+for+struggling+readers,unavailable,unavailable,unavailable,sitemap-listed,manual review,GSC/Analytics/backlink data unavailable
https://www.braveheartspublishing.com/blog/tag/what+reading+level+should+my+child+be+at,unavailable,unavailable,unavailable,sitemap-listed,manual review,GSC/Analytics/backlink data unavailable
https://www.braveheartspublishing.com/blog/tag/2nd+grade+reading+level,unavailable,unavailable,unavailable,sitemap-listed,manual review,GSC/Analytics/backlink data unavailable
https://www.braveheartspublishing.com/blog/tag/parent+reading+guide,unavailable,unavailable,unavailable,sitemap-listed,manual review,GSC/Analytics/backlink data unavailable
https://www.braveheartspublishing.com/blog/tag/how+to+choose+a+read+aloud,unavailable,unavailable,unavailable,sitemap-listed,manual review,GSC/Analytics/backlink data unavailable
https://www.braveheartspublishing.com/blog/tag/Charlotte+and+Henry,unavailable,unavailable,unavailable,sitemap-listed,manual review,GSC/Analytics/backlink data unavailable
https://www.braveheartspublishing.com/blog/tag/read+aloud+chapter+books,unavailable,unavailable,unavailable,sitemap-listed,manual review,GSC/Analytics/backlink data unavailable
https://www.braveheartspublishing.com/blog/tag/books+for+8+year+olds,unavailable,unavailable,unavailable,sitemap-listed,manual review,GSC/Analytics/backlink data unavailable
https://www.braveheartspublishing.com/blog/tag/best+books+for+grades+1-3,unavailable,unavailable,unavailable,sitemap-listed,manual review,GSC/Analytics/backlink data unavailable
https://www.braveheartspublishing.com/blog/tag/reading+level+chart,unavailable,unavailable,unavailable,sitemap-listed,manual review,GSC/Analytics/backlink data unavailable
https://www.braveheartspublishing.com/blog/tag/books+for+struggling+readers,unavailable,unavailable,unavailable,sitemap-listed,manual review,GSC/Analytics/backlink data unavailable
https://www.braveheartspublishing.com/blog/tag/books+for+reluctant+readers,unavailable,unavailable,unavailable,sitemap-listed,manual review,GSC/Analytics/backlink data unavailable
https://www.braveheartspublishing.com/blog/tag/1st+grade+reading+level,unavailable,unavailable,unavailable,sitemap-listed,manual review,GSC/Analytics/backlink data unavailable
https://www.braveheartspublishing.com/blog/tag/captain+underpants+books,unavailable,unavailable,unavailable,sitemap-listed,manual review,GSC/Analytics/backlink data unavailable
https://www.braveheartspublishing.com/blog/tag/dog+man+to+magic+tree+house,unavailable,unavailable,unavailable,sitemap-listed,manual review,GSC/Analytics/backlink data unavailable
https://www.braveheartspublishing.com/blog/tag/science+books+for+7+year+olds,unavailable,unavailable,unavailable,sitemap-listed,manual review,GSC/Analytics/backlink data unavailable
https://www.braveheartspublishing.com/blog/tag/reading+tips,unavailable,unavailable,unavailable,sitemap-listed,manual review,GSC/Analytics/backlink data unavailable
https://www.braveheartspublishing.com/blog/tag/ocean+chapter+books+for+kids,unavailable,unavailable,unavailable,sitemap-listed,manual review,GSC/Analytics/backlink data unavailable
https://www.braveheartspublishing.com/blog/tag/stem+for+kids,unavailable,unavailable,unavailable,sitemap-listed,manual review,GSC/Analytics/backlink data unavailable
https://www.braveheartspublishing.com/blog/tag/Books+for+kids+ages+6-9,unavailable,unavailable,unavailable,sitemap-listed,manual review,GSC/Analytics/backlink data unavailable
https://www.braveheartspublishing.com/blog/tag/adventure+science+books,unavailable,unavailable,unavailable,sitemap-listed,manual review,GSC/Analytics/backlink data unavailable
https://www.braveheartspublishing.com/blog/tag/Charlotte+and+Henry+Books,unavailable,unavailable,unavailable,sitemap-listed,manual review,GSC/Analytics/backlink data unavailable
https://www.braveheartspublishing.com/blog/tag/how+to+get+kids+to+read,unavailable,unavailable,unavailable,sitemap-listed,manual review,GSC/Analytics/backlink data unavailable
https://www.braveheartspublishing.com/blog/tag/science+chapter+books+for+kids,unavailable,unavailable,unavailable,sitemap-listed,manual review,GSC/Analytics/backlink data unavailable
https://www.braveheartspublishing.com/blog/tag/mountain+books+for+kids,unavailable,unavailable,unavailable,sitemap-listed,manual review,GSC/Analytics/backlink data unavailable
https://www.braveheartspublishing.com/blog/tag/Mount+Everest,unavailable,unavailable,unavailable,sitemap-listed,manual review,GSC/Analytics/backlink data unavailable
https://www.braveheartspublishing.com/blog/tag/elementary+read+aloud,unavailable,unavailable,unavailable,sitemap-listed,manual review,GSC/Analytics/backlink data unavailable
https://www.braveheartspublishing.com/blog/tag/is+my+child+behind+in+reading,unavailable,unavailable,unavailable,sitemap-listed,manual review,GSC/Analytics/backlink data unavailable
https://www.braveheartspublishing.com/blog/tag/charlotte+and+henry,unavailable,unavailable,unavailable,sitemap-listed,manual review,GSC/Analytics/backlink data unavailable
https://www.braveheartspublishing.com/blog/tag/What+to+read+after+dog+man,unavailable,unavailable,unavailable,sitemap-listed,manual review,GSC/Analytics/backlink data unavailable
https://www.braveheartspublishing.com/blog/tag/science+facts,unavailable,unavailable,unavailable,sitemap-listed,manual review,GSC/Analytics/backlink data unavailable
https://www.braveheartspublishing.com/blog/tag/grades+1-3+read+aloud,unavailable,unavailable,unavailable,sitemap-listed,manual review,GSC/Analytics/backlink data unavailable
https://www.braveheartspublishing.com/blog/tag/books+for+kids+who+love+science,unavailable,unavailable,unavailable,sitemap-listed,manual review,GSC/Analytics/backlink data unavailable
https://www.braveheartspublishing.com/blog/tag/lexile+score,unavailable,unavailable,unavailable,sitemap-listed,manual review,GSC/Analytics/backlink data unavailable
https://www.braveheartspublishing.com/blog/tag/kids+who+hate+reading,unavailable,unavailable,unavailable,sitemap-listed,manual review,GSC/Analytics/backlink data unavailable
https://www.braveheartspublishing.com/blog/tag/my+child+hates+reading,unavailable,unavailable,unavailable,sitemap-listed,manual review,GSC/Analytics/backlink data unavailable
https://www.braveheartspublishing.com/blog/tag/adventure+books+for+kids,unavailable,unavailable,unavailable,sitemap-listed,manual review,GSC/Analytics/backlink data unavailable
https://www.braveheartspublishing.com/blog/tag/How+to+pick+a+read+aloud,unavailable,unavailable,unavailable,sitemap-listed,manual review,GSC/Analytics/backlink data unavailable
https://www.braveheartspublishing.com/blog/tag/read+aloud+tips,unavailable,unavailable,unavailable,sitemap-listed,manual review,GSC/Analytics/backlink data unavailable
https://www.braveheartspublishing.com/blog/tag/classroom+visit,unavailable,unavailable,unavailable,sitemap-listed,manual review,GSC/Analytics/backlink data unavailable
https://www.braveheartspublishing.com/blog/tag/sea+adventure+books,unavailable,unavailable,unavailable,sitemap-listed,manual review,GSC/Analytics/backlink data unavailable
https://www.braveheartspublishing.com/blog/tag/reading+level+by+grade,unavailable,unavailable,unavailable,sitemap-listed,manual review,GSC/Analytics/backlink data unavailable
https://www.braveheartspublishing.com/blog/tag/books+like+magic+tree+house,unavailable,unavailable,unavailable,sitemap-listed,manual review,GSC/Analytics/backlink data unavailable
https://www.braveheartspublishing.com/blog/tag/Children%27s+Books,unavailable,unavailable,unavailable,sitemap-listed,manual review,GSC/Analytics/backlink data unavailable
https://www.braveheartspublishing.com/blog/tag/stem+books+for+kids+ages+6-9,unavailable,unavailable,unavailable,sitemap-listed,manual review,GSC/Analytics/backlink data unavailable
https://www.braveheartspublishing.com/blog/tag/children%27s+books,unavailable,unavailable,unavailable,sitemap-listed,manual review,GSC/Analytics/backlink data unavailable
https://www.braveheartspublishing.com/blog/tag/everest+for+kids,unavailable,unavailable,unavailable,sitemap-listed,manual review,GSC/Analytics/backlink data unavailable
https://www.braveheartspublishing.com/blog/tag/graphic+novel+to+chapter+books,unavailable,unavailable,unavailable,sitemap-listed,manual review,GSC/Analytics/backlink data unavailable
https://www.braveheartspublishing.com/blog/tag/Kirkus+reviews+children%27s+book,unavailable,unavailable,unavailable,sitemap-listed,manual review,GSC/Analytics/backlink data unavailable
https://www.braveheartspublishing.com/blog/tag/reading+stamina,unavailable,unavailable,unavailable,sitemap-listed,manual review,GSC/Analytics/backlink data unavailable
https://www.braveheartspublishing.com/blog/tag/book+for+kids+ages+6-9,unavailable,unavailable,unavailable,sitemap-listed,manual review,GSC/Analytics/backlink data unavailable
https://www.braveheartspublishing.com/blog/tag/early+readers,unavailable,unavailable,unavailable,sitemap-listed,manual review,GSC/Analytics/backlink data unavailable
https://www.braveheartspublishing.com/blog/tag/3rd+grade+reading+level,unavailable,unavailable,unavailable,sitemap-listed,manual review,GSC/Analytics/backlink data unavailable
https://www.braveheartspublishing.com/blog/tag/reading+transition,unavailable,unavailable,unavailable,sitemap-listed,manual review,GSC/Analytics/backlink data unavailable
https://www.braveheartspublishing.com/blog/tag/children%27s+reading+stages,unavailable,unavailable,unavailable,sitemap-listed,manual review,GSC/Analytics/backlink data unavailable
https://www.braveheartspublishing.com/blog/tag/Boise+Idaho,unavailable,unavailable,unavailable,sitemap-listed,manual review,GSC/Analytics/backlink data unavailable
https://www.braveheartspublishing.com/blog/tag/Mariana+Trench+Facts,unavailable,unavailable,unavailable,sitemap-listed,manual review,GSC/Analytics/backlink data unavailable
https://www.braveheartspublishing.com/blog/tag/teacher+read+aloud,unavailable,unavailable,unavailable,sitemap-listed,manual review,GSC/Analytics/backlink data unavailable
https://www.braveheartspublishing.com/blog/tag/transitional+readers,unavailable,unavailable,unavailable,sitemap-listed,manual review,GSC/Analytics/backlink data unavailable
https://www.braveheartspublishing.com/blog/tag/books+for+boys+ages+6-9,unavailable,unavailable,unavailable,sitemap-listed,manual review,GSC/Analytics/backlink data unavailable
https://www.braveheartspublishing.com/blog/tag/nature+for+kids,unavailable,unavailable,unavailable,sitemap-listed,manual review,GSC/Analytics/backlink data unavailable
https://www.braveheartspublishing.com/blog/tag/grades+1-3,unavailable,unavailable,unavailable,sitemap-listed,manual review,GSC/Analytics/backlink data unavailable
https://www.braveheartspublishing.com/blog/tag/dog+man+next+book,unavailable,unavailable,unavailable,sitemap-listed,manual review,GSC/Analytics/backlink data unavailable
https://www.braveheartspublishing.com/home,unavailable,unavailable,unavailable,sitemap-listed,manual review,GSC/Analytics/backlink data unavailable
https://images.squarespace-cdn.com/content/v1/69a4852e7db0bc7e34bc3354/7c5f01ec-a2c4-4bfa-b1ef-13d0622713c5/E-Book+Cover+-+Final-+4-6-26.jpeg.jpg,unavailable,unavailable,unavailable,sitemap-listed,manual review,GSC/Analytics/backlink data unavailable
https://images.squarespace-cdn.com/content/v1/69a4852e7db0bc7e34bc3354/a787e1c6-a0f9-4f85-bbd9-079a9becf4ec/Final+Ebook+Cover+4-10-26-+Everest.jpg,unavailable,unavailable,unavailable,sitemap-listed,manual review,GSC/Analytics/backlink data unavailable
https://images.squarespace-cdn.com/content/v1/69a4852e7db0bc7e34bc3354/949eeadf-f1dc-4f0f-b8b7-c183c5353a02/Andrew+and+Charlotte.jpg,unavailable,unavailable,unavailable,sitemap-listed,manual review,GSC/Analytics/backlink data unavailable
https://images.squarespace-cdn.com/content/v1/69a4852e7db0bc7e34bc3354/cccb6f01-5fd3-4a31-94de-1cfdf4c399a4/Children%27s+adventure+New+Cover+Text-+Cropped_upscayl_4x_upscayl-standard-4x.png,unavailable,unavailable,unavailable,sitemap-listed,manual review,GSC/Analytics/backlink data unavailable
https://images.squarespace-cdn.com/content/v1/69a4852e7db0bc7e34bc3354/4b32f4e4-2bbd-4b58-85a1-9c8f8d9b6901/FUll+scene+Full+rough+OLDER.png,unavailable,unavailable,unavailable,sitemap-listed,manual review,GSC/Analytics/backlink data unavailable
https://images.squarespace-cdn.com/content/v1/69a4852e7db0bc7e34bc3354/b3484e23-cd5f-4ec8-8e16-3d803c3f6285/C2+Half+Scene+Older-+trans.jpg,unavailable,unavailable,unavailable,sitemap-listed,manual review,GSC/Analytics/backlink data unavailable
https://images.squarespace-cdn.com/content/v1/69a4852e7db0bc7e34bc3354/62c80681-03f3-40b3-bdc2-b82443da03fb/C5+Half+Scene+Older+-+trans.jpg,unavailable,unavailable,unavailable,sitemap-listed,manual review,GSC/Analytics/backlink data unavailable
https://images.squarespace-cdn.com/content/v1/69a4852e7db0bc7e34bc3354/ae636775-0bec-429b-971a-50168afc9426/C11+Challenger+Deep+-+Full+page+bleed.jpg,unavailable,unavailable,unavailable,sitemap-listed,manual review,GSC/Analytics/backlink data unavailable
https://www.braveheartspublishing.com/contact,unavailable,unavailable,unavailable,sitemap-listed,manual review,GSC/Analytics/backlink data unavailable
https://images.squarespace-cdn.com/content/v1/69a4852e7db0bc7e34bc3354/fa99bb61-4609-4bd4-aed7-bb6344e30719/Brave+Learning_upscayl_4x_upscayl-standard-4x.png,unavailable,unavailable,unavailable,sitemap-listed,manual review,GSC/Analytics/backlink data unavailable
https://images.squarespace-cdn.com/content/v1/69a4852e7db0bc7e34bc3354/7a1e849f-0a28-41ac-89fa-e1b21d4cc4eb/Brave+Learning+Resource+_upscayl_4x_upscayl-standard-4x-SMALL.jpg,unavailable,unavailable,unavailable,sitemap-listed,manual review,GSC/Analytics/backlink data unavailable
https://images.squarespace-cdn.com/content/v1/69a4852e7db0bc7e34bc3354/00756100-cb99-4461-862c-fea29f6a75b2/Mariana+trench+diagram-Resized-5.75x8.75-+With+margins_upscayl_4x_upscayl-standard-4x-+SMALL.jpg,unavailable,unavailable,unavailable,sitemap-listed,manual review,GSC/Analytics/backlink data unavailable
https://www.braveheartspublishing.com/books,unavailable,unavailable,unavailable,sitemap-listed,manual review,GSC/Analytics/backlink data unavailable
https://images.squarespace-cdn.com/content/v1/69a4852e7db0bc7e34bc3354/89616443-bca6-4b7c-a5fc-7ace152df74f/E-Book+Cover+-+Final-+4-6-26.jpeg.jpg,unavailable,unavailable,unavailable,sitemap-listed,manual review,GSC/Analytics/backlink data unavailable
https://images.squarespace-cdn.com/content/v1/69a4852e7db0bc7e34bc3354/ae1a26aa-5bc8-44c2-b8e8-f26507a3ab1e/Final+Ebook+Cover+4-10-26-+Everest.jpg,unavailable,unavailable,unavailable,sitemap-listed,manual review,GSC/Analytics/backlink data unavailable
https://www.braveheartspublishing.com/teachers,unavailable,unavailable,unavailable,sitemap-listed,manual review,GSC/Analytics/backlink data unavailable
https://images.squarespace-cdn.com/content/v1/69a4852e7db0bc7e34bc3354/d115aecd-a9e1-4edf-8a6a-81d5e36e1468/image15.jpeg,unavailable,unavailable,unavailable,sitemap-listed,manual review,GSC/Analytics/backlink data unavailable
https://images.squarespace-cdn.com/content/v1/69a4852e7db0bc7e34bc3354/b45a263a-606b-44a0-b5c9-ab4d5d8486cd/image17.jpeg,unavailable,unavailable,unavailable,sitemap-listed,manual review,GSC/Analytics/backlink data unavailable
https://images.squarespace-cdn.com/content/v1/69a4852e7db0bc7e34bc3354/f40f076a-d9e2-4a15-afb7-4d81afa4f143/image10.jpeg,unavailable,unavailable,unavailable,sitemap-listed,manual review,GSC/Analytics/backlink data unavailable
https://images.squarespace-cdn.com/content/v1/69a4852e7db0bc7e34bc3354/fcffcc1f-ef71-4902-99d3-b7eca28962b4/image8.jpeg,unavailable,unavailable,unavailable,sitemap-listed,manual review,GSC/Analytics/backlink data unavailable
https://images.squarespace-cdn.com/content/v1/69a4852e7db0bc7e34bc3354/a7e60701-871a-42be-a455-8fd70d980e5e/Screenshot+2026-03-19+17.58.08.png,unavailable,unavailable,unavailable,sitemap-listed,manual review,GSC/Analytics/backlink data unavailable
https://images.squarespace-cdn.com/content/v1/69a4852e7db0bc7e34bc3354/e5d88ccd-1805-4895-9df7-a4b18dbc8a0f/C10+The+Dive+Half+Scene.jpg,unavailable,unavailable,unavailable,sitemap-listed,manual review,GSC/Analytics/backlink data unavailable
https://images.squarespace-cdn.com/content/v1/69a4852e7db0bc7e34bc3354/25855020-20ee-4015-be71-f20db1b336d1/Screenshot+2026-03-19+17.58.40_upscayl_4x_upscayl-standard-4x.png,unavailable,unavailable,unavailable,sitemap-listed,manual review,GSC/Analytics/backlink data unavailable
https://images.squarespace-cdn.com/content/v1/69a4852e7db0bc7e34bc3354/e20c56db-28bd-4679-8941-c3fff9a81023/Screenshot+2026-03-19+17.59.08_upscayl_4x_upscayl-standard-4x.png,unavailable,unavailable,unavailable,sitemap-listed,manual review,GSC/Analytics/backlink data unavailable
https://www.braveheartspublishing.com/bridge-books,unavailable,unavailable,unavailable,sitemap-listed,manual review,GSC/Analytics/backlink data unavailable
https://images.squarespace-cdn.com/content/v1/69a4852e7db0bc7e34bc3354/804f2ec8-d347-4cf6-bc6b-15049b574ad7/Best+Bridge+Books+for+Kids+Pin.png,unavailable,unavailable,unavailable,sitemap-listed,manual review,GSC/Analytics/backlink data unavailable
https://www.braveheartspublishing.com/reading-levels,unavailable,unavailable,unavailable,sitemap-listed,manual review,GSC/Analytics/backlink data unavailable
https://images.squarespace-cdn.com/content/v1/69a4852e7db0bc7e34bc3354/d0b13222-266a-4b99-a9fe-5ae95135f61d/What+is+a+Lexile.png,unavailable,unavailable,unavailable,sitemap-listed,manual review,GSC/Analytics/backlink data unavailable
https://www.braveheartspublishing.com/mariana-trench,unavailable,unavailable,unavailable,sitemap-listed,manual review,GSC/Analytics/backlink data unavailable
https://images.squarespace-cdn.com/content/v1/69a4852e7db0bc7e34bc3354/2d6830f2-530b-4785-82e9-043191e5e58c/Mariana+Trench+For+Kids+2.png,unavailable,unavailable,unavailable,sitemap-listed,manual review,GSC/Analytics/backlink data unavailable
https://www.braveheartspublishing.com/reluctant-readers,unavailable,unavailable,unavailable,sitemap-listed,manual review,GSC/Analytics/backlink data unavailable
https://images.squarespace-cdn.com/content/v1/69a4852e7db0bc7e34bc3354/cf0f3391-c1dc-490f-91d2-cba1ac97c63f/Outgrew+picture+books+-+Pin.png,unavailable,unavailable,unavailable,sitemap-listed,manual review,GSC/Analytics/backlink data unavailable
https://www.braveheartspublishing.com/read-alouds,unavailable,unavailable,unavailable,sitemap-listed,manual review,GSC/Analytics/backlink data unavailable
https://images.squarespace-cdn.com/content/v1/69a4852e7db0bc7e34bc3354/92a3de6b-8ac2-4e75-83c6-a302257fd4f8/The+Best+Read+Aloud+Books+For+the+Classroom.png,unavailable,unavailable,unavailable,sitemap-listed,manual review,GSC/Analytics/backlink data unavailable
https://www.braveheartspublishing.com/store,unavailable,unavailable,unavailable,sitemap-listed,manual review,GSC/Analytics/backlink data unavailable
