old_url,issue,recommended_action,review_required
https://images.squarespace-cdn.com/content/v1/69a4852e7db0bc7e34bc3354/3e53f823-cbcb-4d24-a614-330be2720b3a/Call+out+-+600+px_upscayl_3x_upscayl-standard-4x.png,No unambiguous relevant replacement,Review traffic/backlinks; retain or retire 404/410,yes
https://www.braveheartspublishing.com/blog/category/Reluctant+Readers,No unambiguous relevant replacement,Review traffic/backlinks; retain or retire 404/410,yes
https://www.braveheartspublishing.com/blog/category/science+for+kids,No unambiguous relevant replacement,Review traffic/backlinks; retain or retire 404/410,yes
https://www.braveheartspublishing.com/blog/category/Early+Readers,No unambiguous relevant replacement,Review traffic/backlinks; retain or retire 404/410,yes
https://www.braveheartspublishing.com/blog/category/Reading+Tips+for+Parents,No unambiguous relevant replacement,Review traffic/backlinks; retain or retire 404/410,yes
https://www.braveheartspublishing.com/blog/category/Adventure+Book+Recommendations,No unambiguous relevant replacement,Review traffic/backlinks; retain or retire 404/410,yes
https://www.braveheartspublishing.com/blog/category/Ocean+Science,No unambiguous relevant replacement,Review traffic/backlinks; retain or retire 404/410,yes
https://www.braveheartspublishing.com/blog/category/Bridge+Books,No unambiguous relevant replacement,Review traffic/backlinks; retain or retire 404/410,yes
https://www.braveheartspublishing.com/blog/category/Author+Life,No unambiguous relevant replacement,Review traffic/backlinks; retain or retire 404/410,yes
https://www.braveheartspublishing.com/blog/category/The+Mariana+Trench,No unambiguous relevant replacement,Review traffic/backlinks; retain or retire 404/410,yes
https://www.braveheartspublishing.com/blog/category/Reading+Development,No unambiguous relevant replacement,Review traffic/backlinks; retain or retire 404/410,yes
https://www.braveheartspublishing.com/blog/category/Reading+Lists,No unambiguous relevant replacement,Review traffic/backlinks; retain or retire 404/410,yes
https://www.braveheartspublishing.com/blog/category/Read+alouds,No unambiguous relevant replacement,Review traffic/backlinks; retain or retire 404/410,yes
https://www.braveheartspublishing.com/blog/category/Age-Specific+Reading+Lists,No unambiguous relevant replacement,Review traffic/backlinks; retain or retire 404/410,yes
https://www.braveheartspublishing.com/blog/category/Summer+Reading,No unambiguous relevant replacement,Review traffic/backlinks; retain or retire 404/410,yes
https://www.braveheartspublishing.com/blog/category/Teacher+Resources,No unambiguous relevant replacement,Review traffic/backlinks; retain or retire 404/410,yes
https://www.braveheartspublishing.com/blog/category/children%27s+books,No unambiguous relevant replacement,Review traffic/backlinks; retain or retire 404/410,yes
https://www.braveheartspublishing.com/blog/category/Adventure,No unambiguous relevant replacement,Review traffic/backlinks; retain or retire 404/410,yes
https://www.braveheartspublishing.com/blog/category/Classroom+Resources,No unambiguous relevant replacement,Review traffic/backlinks; retain or retire 404/410,yes
https://www.braveheartspublishing.com/blog/category/Reading+Tips,No unambiguous relevant replacement,Review traffic/backlinks; retain or retire 404/410,yes
https://www.braveheartspublishing.com/blog/category/Book+recommendations,No unambiguous relevant replacement,Review traffic/backlinks; retain or retire 404/410,yes
https://www.braveheartspublishing.com/blog/category/STEM,No unambiguous relevant replacement,Review traffic/backlinks; retain or retire 404/410,yes
https://www.braveheartspublishing.com/blog/category/Reading+Levels+%26+Lexile,No unambiguous relevant replacement,Review traffic/backlinks; retain or retire 404/410,yes
https://www.braveheartspublishing.com/blog/category/Reading+Help+for+Parents,No unambiguous relevant replacement,Review traffic/backlinks; retain or retire 404/410,yes
https://www.braveheartspublishing.com/blog/category/Book+News,No unambiguous relevant replacement,Review traffic/backlinks; retain or retire 404/410,yes
https://www.braveheartspublishing.com/blog/category/Books+for+Kids,No unambiguous relevant replacement,Review traffic/backlinks; retain or retire 404/410,yes
https://www.braveheartspublishing.com/blog/category/Ages+6-9,No unambiguous relevant replacement,Review traffic/backlinks; retain or retire 404/410,yes
https://www.braveheartspublishing.com/blog/tag/Read+aloud+books,No unambiguous relevant replacement,Review traffic/backlinks; retain or retire 404/410,yes
https://www.braveheartspublishing.com/blog/tag/early+readers+ages+6-9,No unambiguous relevant replacement,Review traffic/backlinks; retain or retire 404/410,yes
https://www.braveheartspublishing.com/blog/tag/Deep+sea,No unambiguous relevant replacement,Review traffic/backlinks; retain or retire 404/410,yes
https://www.braveheartspublishing.com/blog/tag/marine+science,No unambiguous relevant replacement,Review traffic/backlinks; retain or retire 404/410,yes
https://www.braveheartspublishing.com/blog/tag/Mariana+Trench,No unambiguous relevant replacement,Review traffic/backlinks; retain or retire 404/410,yes
https://www.braveheartspublishing.com/blog/tag/bridge+books,No unambiguous relevant replacement,Review traffic/backlinks; retain or retire 404/410,yes
https://www.braveheartspublishing.com/blog/tag/reading+level,No unambiguous relevant replacement,Review traffic/backlinks; retain or retire 404/410,yes
https://www.braveheartspublishing.com/blog/tag/reading+help+ages+6-9,No unambiguous relevant replacement,Review traffic/backlinks; retain or retire 404/410,yes
https://www.braveheartspublishing.com/blog/tag/books+for+first+graders,No unambiguous relevant replacement,Review traffic/backlinks; retain or retire 404/410,yes
https://www.braveheartspublishing.com/blog/tag/reading+help+for+parents,No unambiguous relevant replacement,Review traffic/backlinks; retain or retire 404/410,yes
https://www.braveheartspublishing.com/blog/tag/Bridge+Books,No unambiguous relevant replacement,Review traffic/backlinks; retain or retire 404/410,yes
https://www.braveheartspublishing.com/blog/tag/summer+books+for+kids,No unambiguous relevant replacement,Review traffic/backlinks; retain or retire 404/410,yes
https://www.braveheartspublishing.com/blog/tag/picture+books+to+chapter+books,No unambiguous relevant replacement,Review traffic/backlinks; retain or retire 404/410,yes
https://www.braveheartspublishing.com/blog/tag/Summer+Reading+List,No unambiguous relevant replacement,Review traffic/backlinks; retain or retire 404/410,yes
https://www.braveheartspublishing.com/blog/tag/Adventures+of+Charlotte+and+Henry,No unambiguous relevant replacement,Review traffic/backlinks; retain or retire 404/410,yes
https://www.braveheartspublishing.com/blog/tag/Lexile+score,No unambiguous relevant replacement,Review traffic/backlinks; retain or retire 404/410,yes
https://www.braveheartspublishing.com/blog/tag/geography+for+kids,No unambiguous relevant replacement,Review traffic/backlinks; retain or retire 404/410,yes
https://www.braveheartspublishing.com/blog/tag/Summer+Reading,No unambiguous relevant replacement,Review traffic/backlinks; retain or retire 404/410,yes
https://www.braveheartspublishing.com/blog/tag/sea+books+for+kids,No unambiguous relevant replacement,Review traffic/backlinks; retain or retire 404/410,yes
https://www.braveheartspublishing.com/blog/tag/elementary+teacher,No unambiguous relevant replacement,Review traffic/backlinks; retain or retire 404/410,yes
https://www.braveheartspublishing.com/blog/tag/ages+6-9,No unambiguous relevant replacement,Review traffic/backlinks; retain or retire 404/410,yes
https://www.braveheartspublishing.com/blog/tag/bridge+books+for+kids,No unambiguous relevant replacement,Review traffic/backlinks; retain or retire 404/410,yes
https://www.braveheartspublishing.com/blog/tag/reading+confidence,No unambiguous relevant replacement,Review traffic/backlinks; retain or retire 404/410,yes
https://www.braveheartspublishing.com/blog/tag/Reading+Tips,No unambiguous relevant replacement,Review traffic/backlinks; retain or retire 404/410,yes
https://www.braveheartspublishing.com/blog/tag/Andrew+Signore,No unambiguous relevant replacement,Review traffic/backlinks; retain or retire 404/410,yes
https://www.braveheartspublishing.com/blog/tag/Children%27s+Book+Author,No unambiguous relevant replacement,Review traffic/backlinks; retain or retire 404/410,yes
https://www.braveheartspublishing.com/blog/tag/read+aloud+for+kids,No unambiguous relevant replacement,Review traffic/backlinks; retain or retire 404/410,yes
https://www.braveheartspublishing.com/blog/tag/reading+motivation,No unambiguous relevant replacement,Review traffic/backlinks; retain or retire 404/410,yes
https://www.braveheartspublishing.com/blog/tag/reading+development,No unambiguous relevant replacement,Review traffic/backlinks; retain or retire 404/410,yes
https://www.braveheartspublishing.com/blog/tag/facts+for+kids,No unambiguous relevant replacement,Review traffic/backlinks; retain or retire 404/410,yes
https://www.braveheartspublishing.com/blog/tag/read+aloud,No unambiguous relevant replacement,Review traffic/backlinks; retain or retire 404/410,yes
https://www.braveheartspublishing.com/blog/tag/kids+who+love+graphic+novels,No unambiguous relevant replacement,Review traffic/backlinks; retain or retire 404/410,yes
https://www.braveheartspublishing.com/blog/tag/struggling+readers,No unambiguous relevant replacement,Review traffic/backlinks; retain or retire 404/410,yes
https://www.braveheartspublishing.com/blog/tag/best+read+aloud+books,No unambiguous relevant replacement,Review traffic/backlinks; retain or retire 404/410,yes
https://www.braveheartspublishing.com/blog/tag/best+kids+books,No unambiguous relevant replacement,Review traffic/backlinks; retain or retire 404/410,yes
https://www.braveheartspublishing.com/blog/tag/summer+slide,No unambiguous relevant replacement,Review traffic/backlinks; retain or retire 404/410,yes
https://www.braveheartspublishing.com/blog/tag/7+year+old+books,No unambiguous relevant replacement,Review traffic/backlinks; retain or retire 404/410,yes
https://www.braveheartspublishing.com/blog/tag/Kids+reading+level,No unambiguous relevant replacement,Review traffic/backlinks; retain or retire 404/410,yes
https://www.braveheartspublishing.com/blog/tag/next+step+after+graphic+novels,No unambiguous relevant replacement,Review traffic/backlinks; retain or retire 404/410,yes
https://www.braveheartspublishing.com/blog/tag/Ages+6-9,No unambiguous relevant replacement,Review traffic/backlinks; retain or retire 404/410,yes
https://www.braveheartspublishing.com/blog/tag/funny+books+for+kids,No unambiguous relevant replacement,Review traffic/backlinks; retain or retire 404/410,yes
https://www.braveheartspublishing.com/blog/tag/reading+progression+kids,No unambiguous relevant replacement,Review traffic/backlinks; retain or retire 404/410,yes
https://www.braveheartspublishing.com/blog/tag/science+books+for+kids,No unambiguous relevant replacement,Review traffic/backlinks; retain or retire 404/410,yes
https://www.braveheartspublishing.com/blog/tag/classroom+resources,No unambiguous relevant replacement,Review traffic/backlinks; retain or retire 404/410,yes
https://www.braveheartspublishing.com/blog/tag/kids+science,No unambiguous relevant replacement,Review traffic/backlinks; retain or retire 404/410,yes
https://www.braveheartspublishing.com/blog/tag/reluctant+readers,No unambiguous relevant replacement,Review traffic/backlinks; retain or retire 404/410,yes
https://www.braveheartspublishing.com/blog/tag/books+for+7+year+olds,No unambiguous relevant replacement,Review traffic/backlinks; retain or retire 404/410,yes
https://www.braveheartspublishing.com/blog/tag/graphic+novels+for+kids,No unambiguous relevant replacement,Review traffic/backlinks; retain or retire 404/410,yes
https://www.braveheartspublishing.com/blog/tag/kids+books+age+7,No unambiguous relevant replacement,Review traffic/backlinks; retain or retire 404/410,yes
https://www.braveheartspublishing.com/blog/tag/Brave+Hearts+Publishing,No unambiguous relevant replacement,Review traffic/backlinks; retain or retire 404/410,yes
https://www.braveheartspublishing.com/blog/tag/Kirkus+Review,No unambiguous relevant replacement,Review traffic/backlinks; retain or retire 404/410,yes
https://www.braveheartspublishing.com/blog/tag/early+chapter+books,No unambiguous relevant replacement,Review traffic/backlinks; retain or retire 404/410,yes
https://www.braveheartspublishing.com/blog/tag/reading+levels+chart,No unambiguous relevant replacement,Review traffic/backlinks; retain or retire 404/410,yes
https://www.braveheartspublishing.com/blog/tag/kids+reading+help,No unambiguous relevant replacement,Review traffic/backlinks; retain or retire 404/410,yes
https://www.braveheartspublishing.com/blog/tag/lexile+explained,No unambiguous relevant replacement,Review traffic/backlinks; retain or retire 404/410,yes
https://www.braveheartspublishing.com/blog/tag/Why+I+wrote+this+book,No unambiguous relevant replacement,Review traffic/backlinks; retain or retire 404/410,yes
https://www.braveheartspublishing.com/blog/tag/best+books+for+7+year+olds,No unambiguous relevant replacement,Review traffic/backlinks; retain or retire 404/410,yes
https://www.braveheartspublishing.com/blog/tag/how+to+use+lexile+score,No unambiguous relevant replacement,Review traffic/backlinks; retain or retire 404/410,yes
https://www.braveheartspublishing.com/blog/tag/find+books+by+lexile+level,No unambiguous relevant replacement,Review traffic/backlinks; retain or retire 404/410,yes
https://www.braveheartspublishing.com/blog/tag/books+for+second+graders,No unambiguous relevant replacement,Review traffic/backlinks; retain or retire 404/410,yes
https://www.braveheartspublishing.com/blog/tag/lexile+score+by+grade+level,No unambiguous relevant replacement,Review traffic/backlinks; retain or retire 404/410,yes
https://www.braveheartspublishing.com/blog/tag/reading+roadmap,No unambiguous relevant replacement,Review traffic/backlinks; retain or retire 404/410,yes
https://www.braveheartspublishing.com/blog/tag/bridge+books+from+graphic+novels,No unambiguous relevant replacement,Review traffic/backlinks; retain or retire 404/410,yes
https://www.braveheartspublishing.com/blog/tag/kids+books,No unambiguous relevant replacement,Review traffic/backlinks; retain or retire 404/410,yes
https://www.braveheartspublishing.com/blog/tag/elementary+classroom,No unambiguous relevant replacement,Review traffic/backlinks; retain or retire 404/410,yes
https://www.braveheartspublishing.com/blog/tag/chapter+books+for+kids,No unambiguous relevant replacement,Review traffic/backlinks; retain or retire 404/410,yes
https://www.braveheartspublishing.com/blog/tag/chapter+books+for+beginners,No unambiguous relevant replacement,Review traffic/backlinks; retain or retire 404/410,yes
https://www.braveheartspublishing.com/blog/tag/magic+tree+house+alternatives,No unambiguous relevant replacement,Review traffic/backlinks; retain or retire 404/410,yes
https://www.braveheartspublishing.com/blog/tag/gap+between+picture+books+and+chapter+books,No unambiguous relevant replacement,Review traffic/backlinks; retain or retire 404/410,yes
https://www.braveheartspublishing.com/blog/tag/Ocean+Facts,No unambiguous relevant replacement,Review traffic/backlinks; retain or retire 404/410,yes
https://www.braveheartspublishing.com/blog/tag/classroom+read+aloud,No unambiguous relevant replacement,Review traffic/backlinks; retain or retire 404/410,yes
https://www.braveheartspublishing.com/blog/tag/science+books+for+8+year+olds,No unambiguous relevant replacement,Review traffic/backlinks; retain or retire 404/410,yes
https://www.braveheartspublishing.com/blog/tag/stem+books,No unambiguous relevant replacement,Review traffic/backlinks; retain or retire 404/410,yes
https://www.braveheartspublishing.com/blog/tag/books+like+dog+man,No unambiguous relevant replacement,Review traffic/backlinks; retain or retire 404/410,yes
https://www.braveheartspublishing.com/blog/tag/ocean+books+for+kids,No unambiguous relevant replacement,Review traffic/backlinks; retain or retire 404/410,yes
https://www.braveheartspublishing.com/blog/tag/Early+Readers,No unambiguous relevant replacement,Review traffic/backlinks; retain or retire 404/410,yes
https://www.braveheartspublishing.com/blog/tag/Origin+Story,No unambiguous relevant replacement,Review traffic/backlinks; retain or retire 404/410,yes
https://www.braveheartspublishing.com/blog/tag/reading+list+for+kids,No unambiguous relevant replacement,Review traffic/backlinks; retain or retire 404/410,yes
https://www.braveheartspublishing.com/blog/tag/teacher+appreciation+week,No unambiguous relevant replacement,Review traffic/backlinks; retain or retire 404/410,yes
https://www.braveheartspublishing.com/blog/tag/Mariana+Trench+Book,No unambiguous relevant replacement,Review traffic/backlinks; retain or retire 404/410,yes
https://www.braveheartspublishing.com/blog/tag/children%27s+book+review,No unambiguous relevant replacement,Review traffic/backlinks; retain or retire 404/410,yes
https://www.braveheartspublishing.com/blog/tag/bridge+books+for+struggling+readers,No unambiguous relevant replacement,Review traffic/backlinks; retain or retire 404/410,yes
https://www.braveheartspublishing.com/blog/tag/what+reading+level+should+my+child+be+at,No unambiguous relevant replacement,Review traffic/backlinks; retain or retire 404/410,yes
https://www.braveheartspublishing.com/blog/tag/2nd+grade+reading+level,No unambiguous relevant replacement,Review traffic/backlinks; retain or retire 404/410,yes
https://www.braveheartspublishing.com/blog/tag/parent+reading+guide,No unambiguous relevant replacement,Review traffic/backlinks; retain or retire 404/410,yes
https://www.braveheartspublishing.com/blog/tag/how+to+choose+a+read+aloud,No unambiguous relevant replacement,Review traffic/backlinks; retain or retire 404/410,yes
https://www.braveheartspublishing.com/blog/tag/Charlotte+and+Henry,No unambiguous relevant replacement,Review traffic/backlinks; retain or retire 404/410,yes
https://www.braveheartspublishing.com/blog/tag/read+aloud+chapter+books,No unambiguous relevant replacement,Review traffic/backlinks; retain or retire 404/410,yes
https://www.braveheartspublishing.com/blog/tag/books+for+8+year+olds,No unambiguous relevant replacement,Review traffic/backlinks; retain or retire 404/410,yes
https://www.braveheartspublishing.com/blog/tag/best+books+for+grades+1-3,No unambiguous relevant replacement,Review traffic/backlinks; retain or retire 404/410,yes
https://www.braveheartspublishing.com/blog/tag/reading+level+chart,No unambiguous relevant replacement,Review traffic/backlinks; retain or retire 404/410,yes
https://www.braveheartspublishing.com/blog/tag/books+for+struggling+readers,No unambiguous relevant replacement,Review traffic/backlinks; retain or retire 404/410,yes
https://www.braveheartspublishing.com/blog/tag/books+for+reluctant+readers,No unambiguous relevant replacement,Review traffic/backlinks; retain or retire 404/410,yes
https://www.braveheartspublishing.com/blog/tag/1st+grade+reading+level,No unambiguous relevant replacement,Review traffic/backlinks; retain or retire 404/410,yes
https://www.braveheartspublishing.com/blog/tag/captain+underpants+books,No unambiguous relevant replacement,Review traffic/backlinks; retain or retire 404/410,yes
https://www.braveheartspublishing.com/blog/tag/dog+man+to+magic+tree+house,No unambiguous relevant replacement,Review traffic/backlinks; retain or retire 404/410,yes
https://www.braveheartspublishing.com/blog/tag/science+books+for+7+year+olds,No unambiguous relevant replacement,Review traffic/backlinks; retain or retire 404/410,yes
https://www.braveheartspublishing.com/blog/tag/reading+tips,No unambiguous relevant replacement,Review traffic/backlinks; retain or retire 404/410,yes
https://www.braveheartspublishing.com/blog/tag/ocean+chapter+books+for+kids,No unambiguous relevant replacement,Review traffic/backlinks; retain or retire 404/410,yes
https://www.braveheartspublishing.com/blog/tag/stem+for+kids,No unambiguous relevant replacement,Review traffic/backlinks; retain or retire 404/410,yes
https://www.braveheartspublishing.com/blog/tag/Books+for+kids+ages+6-9,No unambiguous relevant replacement,Review traffic/backlinks; retain or retire 404/410,yes
https://www.braveheartspublishing.com/blog/tag/adventure+science+books,No unambiguous relevant replacement,Review traffic/backlinks; retain or retire 404/410,yes
https://www.braveheartspublishing.com/blog/tag/Charlotte+and+Henry+Books,No unambiguous relevant replacement,Review traffic/backlinks; retain or retire 404/410,yes
https://www.braveheartspublishing.com/blog/tag/how+to+get+kids+to+read,No unambiguous relevant replacement,Review traffic/backlinks; retain or retire 404/410,yes
https://www.braveheartspublishing.com/blog/tag/science+chapter+books+for+kids,No unambiguous relevant replacement,Review traffic/backlinks; retain or retire 404/410,yes
https://www.braveheartspublishing.com/blog/tag/mountain+books+for+kids,No unambiguous relevant replacement,Review traffic/backlinks; retain or retire 404/410,yes
https://www.braveheartspublishing.com/blog/tag/Mount+Everest,No unambiguous relevant replacement,Review traffic/backlinks; retain or retire 404/410,yes
https://www.braveheartspublishing.com/blog/tag/elementary+read+aloud,No unambiguous relevant replacement,Review traffic/backlinks; retain or retire 404/410,yes
https://www.braveheartspublishing.com/blog/tag/is+my+child+behind+in+reading,No unambiguous relevant replacement,Review traffic/backlinks; retain or retire 404/410,yes
https://www.braveheartspublishing.com/blog/tag/charlotte+and+henry,No unambiguous relevant replacement,Review traffic/backlinks; retain or retire 404/410,yes
https://www.braveheartspublishing.com/blog/tag/What+to+read+after+dog+man,No unambiguous relevant replacement,Review traffic/backlinks; retain or retire 404/410,yes
https://www.braveheartspublishing.com/blog/tag/science+facts,No unambiguous relevant replacement,Review traffic/backlinks; retain or retire 404/410,yes
https://www.braveheartspublishing.com/blog/tag/grades+1-3+read+aloud,No unambiguous relevant replacement,Review traffic/backlinks; retain or retire 404/410,yes
https://www.braveheartspublishing.com/blog/tag/books+for+kids+who+love+science,No unambiguous relevant replacement,Review traffic/backlinks; retain or retire 404/410,yes
https://www.braveheartspublishing.com/blog/tag/lexile+score,No unambiguous relevant replacement,Review traffic/backlinks; retain or retire 404/410,yes
https://www.braveheartspublishing.com/blog/tag/kids+who+hate+reading,No unambiguous relevant replacement,Review traffic/backlinks; retain or retire 404/410,yes
https://www.braveheartspublishing.com/blog/tag/my+child+hates+reading,No unambiguous relevant replacement,Review traffic/backlinks; retain or retire 404/410,yes
https://www.braveheartspublishing.com/blog/tag/adventure+books+for+kids,No unambiguous relevant replacement,Review traffic/backlinks; retain or retire 404/410,yes
https://www.braveheartspublishing.com/blog/tag/How+to+pick+a+read+aloud,No unambiguous relevant replacement,Review traffic/backlinks; retain or retire 404/410,yes
https://www.braveheartspublishing.com/blog/tag/read+aloud+tips,No unambiguous relevant replacement,Review traffic/backlinks; retain or retire 404/410,yes
https://www.braveheartspublishing.com/blog/tag/classroom+visit,No unambiguous relevant replacement,Review traffic/backlinks; retain or retire 404/410,yes
https://www.braveheartspublishing.com/blog/tag/sea+adventure+books,No unambiguous relevant replacement,Review traffic/backlinks; retain or retire 404/410,yes
https://www.braveheartspublishing.com/blog/tag/reading+level+by+grade,No unambiguous relevant replacement,Review traffic/backlinks; retain or retire 404/410,yes
https://www.braveheartspublishing.com/blog/tag/books+like+magic+tree+house,No unambiguous relevant replacement,Review traffic/backlinks; retain or retire 404/410,yes
https://www.braveheartspublishing.com/blog/tag/Children%27s+Books,No unambiguous relevant replacement,Review traffic/backlinks; retain or retire 404/410,yes
https://www.braveheartspublishing.com/blog/tag/stem+books+for+kids+ages+6-9,No unambiguous relevant replacement,Review traffic/backlinks; retain or retire 404/410,yes
https://www.braveheartspublishing.com/blog/tag/children%27s+books,No unambiguous relevant replacement,Review traffic/backlinks; retain or retire 404/410,yes
https://www.braveheartspublishing.com/blog/tag/everest+for+kids,No unambiguous relevant replacement,Review traffic/backlinks; retain or retire 404/410,yes
https://www.braveheartspublishing.com/blog/tag/graphic+novel+to+chapter+books,No unambiguous relevant replacement,Review traffic/backlinks; retain or retire 404/410,yes
https://www.braveheartspublishing.com/blog/tag/Kirkus+reviews+children%27s+book,No unambiguous relevant replacement,Review traffic/backlinks; retain or retire 404/410,yes
https://www.braveheartspublishing.com/blog/tag/reading+stamina,No unambiguous relevant replacement,Review traffic/backlinks; retain or retire 404/410,yes
https://www.braveheartspublishing.com/blog/tag/book+for+kids+ages+6-9,No unambiguous relevant replacement,Review traffic/backlinks; retain or retire 404/410,yes
https://www.braveheartspublishing.com/blog/tag/early+readers,No unambiguous relevant replacement,Review traffic/backlinks; retain or retire 404/410,yes
https://www.braveheartspublishing.com/blog/tag/3rd+grade+reading+level,No unambiguous relevant replacement,Review traffic/backlinks; retain or retire 404/410,yes
https://www.braveheartspublishing.com/blog/tag/reading+transition,No unambiguous relevant replacement,Review traffic/backlinks; retain or retire 404/410,yes
https://www.braveheartspublishing.com/blog/tag/children%27s+reading+stages,No unambiguous relevant replacement,Review traffic/backlinks; retain or retire 404/410,yes
https://www.braveheartspublishing.com/blog/tag/Boise+Idaho,No unambiguous relevant replacement,Review traffic/backlinks; retain or retire 404/410,yes
https://www.braveheartspublishing.com/blog/tag/Mariana+Trench+Facts,No unambiguous relevant replacement,Review traffic/backlinks; retain or retire 404/410,yes
https://www.braveheartspublishing.com/blog/tag/teacher+read+aloud,No unambiguous relevant replacement,Review traffic/backlinks; retain or retire 404/410,yes
https://www.braveheartspublishing.com/blog/tag/transitional+readers,No unambiguous relevant replacement,Review traffic/backlinks; retain or retire 404/410,yes
https://www.braveheartspublishing.com/blog/tag/books+for+boys+ages+6-9,No unambiguous relevant replacement,Review traffic/backlinks; retain or retire 404/410,yes
https://www.braveheartspublishing.com/blog/tag/nature+for+kids,No unambiguous relevant replacement,Review traffic/backlinks; retain or retire 404/410,yes
https://www.braveheartspublishing.com/blog/tag/grades+1-3,No unambiguous relevant replacement,Review traffic/backlinks; retain or retire 404/410,yes
https://www.braveheartspublishing.com/blog/tag/dog+man+next+book,No unambiguous relevant replacement,Review traffic/backlinks; retain or retire 404/410,yes
https://images.squarespace-cdn.com/content/v1/69a4852e7db0bc7e34bc3354/7c5f01ec-a2c4-4bfa-b1ef-13d0622713c5/E-Book+Cover+-+Final-+4-6-26.jpeg.jpg,No unambiguous relevant replacement,Review traffic/backlinks; retain or retire 404/410,yes
https://images.squarespace-cdn.com/content/v1/69a4852e7db0bc7e34bc3354/a787e1c6-a0f9-4f85-bbd9-079a9becf4ec/Final+Ebook+Cover+4-10-26-+Everest.jpg,No unambiguous relevant replacement,Review traffic/backlinks; retain or retire 404/410,yes
https://images.squarespace-cdn.com/content/v1/69a4852e7db0bc7e34bc3354/949eeadf-f1dc-4f0f-b8b7-c183c5353a02/Andrew+and+Charlotte.jpg,No unambiguous relevant replacement,Review traffic/backlinks; retain or retire 404/410,yes
https://images.squarespace-cdn.com/content/v1/69a4852e7db0bc7e34bc3354/cccb6f01-5fd3-4a31-94de-1cfdf4c399a4/Children%27s+adventure+New+Cover+Text-+Cropped_upscayl_4x_upscayl-standard-4x.png,No unambiguous relevant replacement,Review traffic/backlinks; retain or retire 404/410,yes
https://images.squarespace-cdn.com/content/v1/69a4852e7db0bc7e34bc3354/4b32f4e4-2bbd-4b58-85a1-9c8f8d9b6901/FUll+scene+Full+rough+OLDER.png,No unambiguous relevant replacement,Review traffic/backlinks; retain or retire 404/410,yes
https://images.squarespace-cdn.com/content/v1/69a4852e7db0bc7e34bc3354/b3484e23-cd5f-4ec8-8e16-3d803c3f6285/C2+Half+Scene+Older-+trans.jpg,No unambiguous relevant replacement,Review traffic/backlinks; retain or retire 404/410,yes
https://images.squarespace-cdn.com/content/v1/69a4852e7db0bc7e34bc3354/62c80681-03f3-40b3-bdc2-b82443da03fb/C5+Half+Scene+Older+-+trans.jpg,No unambiguous relevant replacement,Review traffic/backlinks; retain or retire 404/410,yes
https://images.squarespace-cdn.com/content/v1/69a4852e7db0bc7e34bc3354/ae636775-0bec-429b-971a-50168afc9426/C11+Challenger+Deep+-+Full+page+bleed.jpg,No unambiguous relevant replacement,Review traffic/backlinks; retain or retire 404/410,yes
https://images.squarespace-cdn.com/content/v1/69a4852e7db0bc7e34bc3354/fa99bb61-4609-4bd4-aed7-bb6344e30719/Brave+Learning_upscayl_4x_upscayl-standard-4x.png,No unambiguous relevant replacement,Review traffic/backlinks; retain or retire 404/410,yes
https://images.squarespace-cdn.com/content/v1/69a4852e7db0bc7e34bc3354/7a1e849f-0a28-41ac-89fa-e1b21d4cc4eb/Brave+Learning+Resource+_upscayl_4x_upscayl-standard-4x-SMALL.jpg,No unambiguous relevant replacement,Review traffic/backlinks; retain or retire 404/410,yes
https://images.squarespace-cdn.com/content/v1/69a4852e7db0bc7e34bc3354/00756100-cb99-4461-862c-fea29f6a75b2/Mariana+trench+diagram-Resized-5.75x8.75-+With+margins_upscayl_4x_upscayl-standard-4x-+SMALL.jpg,No unambiguous relevant replacement,Review traffic/backlinks; retain or retire 404/410,yes
https://images.squarespace-cdn.com/content/v1/69a4852e7db0bc7e34bc3354/89616443-bca6-4b7c-a5fc-7ace152df74f/E-Book+Cover+-+Final-+4-6-26.jpeg.jpg,No unambiguous relevant replacement,Review traffic/backlinks; retain or retire 404/410,yes
https://images.squarespace-cdn.com/content/v1/69a4852e7db0bc7e34bc3354/ae1a26aa-5bc8-44c2-b8e8-f26507a3ab1e/Final+Ebook+Cover+4-10-26-+Everest.jpg,No unambiguous relevant replacement,Review traffic/backlinks; retain or retire 404/410,yes
https://images.squarespace-cdn.com/content/v1/69a4852e7db0bc7e34bc3354/d115aecd-a9e1-4edf-8a6a-81d5e36e1468/image15.jpeg,No unambiguous relevant replacement,Review traffic/backlinks; retain or retire 404/410,yes
https://images.squarespace-cdn.com/content/v1/69a4852e7db0bc7e34bc3354/b45a263a-606b-44a0-b5c9-ab4d5d8486cd/image17.jpeg,No unambiguous relevant replacement,Review traffic/backlinks; retain or retire 404/410,yes
https://images.squarespace-cdn.com/content/v1/69a4852e7db0bc7e34bc3354/f40f076a-d9e2-4a15-afb7-4d81afa4f143/image10.jpeg,No unambiguous relevant replacement,Review traffic/backlinks; retain or retire 404/410,yes
https://images.squarespace-cdn.com/content/v1/69a4852e7db0bc7e34bc3354/fcffcc1f-ef71-4902-99d3-b7eca28962b4/image8.jpeg,No unambiguous relevant replacement,Review traffic/backlinks; retain or retire 404/410,yes
https://images.squarespace-cdn.com/content/v1/69a4852e7db0bc7e34bc3354/a7e60701-871a-42be-a455-8fd70d980e5e/Screenshot+2026-03-19+17.58.08.png,No unambiguous relevant replacement,Review traffic/backlinks; retain or retire 404/410,yes
https://images.squarespace-cdn.com/content/v1/69a4852e7db0bc7e34bc3354/e5d88ccd-1805-4895-9df7-a4b18dbc8a0f/C10+The+Dive+Half+Scene.jpg,No unambiguous relevant replacement,Review traffic/backlinks; retain or retire 404/410,yes
https://images.squarespace-cdn.com/content/v1/69a4852e7db0bc7e34bc3354/25855020-20ee-4015-be71-f20db1b336d1/Screenshot+2026-03-19+17.58.40_upscayl_4x_upscayl-standard-4x.png,No unambiguous relevant replacement,Review traffic/backlinks; retain or retire 404/410,yes
https://images.squarespace-cdn.com/content/v1/69a4852e7db0bc7e34bc3354/e20c56db-28bd-4679-8941-c3fff9a81023/Screenshot+2026-03-19+17.59.08_upscayl_4x_upscayl-standard-4x.png,No unambiguous relevant replacement,Review traffic/backlinks; retain or retire 404/410,yes
https://images.squarespace-cdn.com/content/v1/69a4852e7db0bc7e34bc3354/804f2ec8-d347-4cf6-bc6b-15049b574ad7/Best+Bridge+Books+for+Kids+Pin.png,No unambiguous relevant replacement,Review traffic/backlinks; retain or retire 404/410,yes
https://images.squarespace-cdn.com/content/v1/69a4852e7db0bc7e34bc3354/d0b13222-266a-4b99-a9fe-5ae95135f61d/What+is+a+Lexile.png,No unambiguous relevant replacement,Review traffic/backlinks; retain or retire 404/410,yes
https://images.squarespace-cdn.com/content/v1/69a4852e7db0bc7e34bc3354/2d6830f2-530b-4785-82e9-043191e5e58c/Mariana+Trench+For+Kids+2.png,No unambiguous relevant replacement,Review traffic/backlinks; retain or retire 404/410,yes
https://images.squarespace-cdn.com/content/v1/69a4852e7db0bc7e34bc3354/cf0f3391-c1dc-490f-91d2-cba1ac97c63f/Outgrew+picture+books+-+Pin.png,No unambiguous relevant replacement,Review traffic/backlinks; retain or retire 404/410,yes
https://images.squarespace-cdn.com/content/v1/69a4852e7db0bc7e34bc3354/92a3de6b-8ac2-4e75-83c6-a302257fd4f8/The+Best+Read+Aloud+Books+For+the+Classroom.png,No unambiguous relevant replacement,Review traffic/backlinks; retain or retire 404/410,yes
https://www.braveheartspublishing.com/store,No unambiguous relevant replacement,Review traffic/backlinks; retain or retire 404/410,yes
